patient_id,444814009,195662009,10509002,88805009,230690007,22298006,68496003,44465007,53741008,233604007,43878008,65966004,126906006,271737000,64859006,443165006,49436004,92691004,36971009,75498004,162573006,424132000,254637007,39848009,26929004,263102004,72892002,713197008,62106007,15777000,58150001,162864005,16114001,70704007,283371005,314994000,284551006,22325002,723857007,156073000
3df8fffa-5995-634a-1d82-9f559ec4359d,1e-06,0.21898149,0.19945,0.00764865,0.024301054,0.0036209056,0.013662967,0.07556606,0.011018784,0.0023175913,0.06196388,0.049974147,0.0005387513,1e-06,0.009799142,0.0036207559,0.014396499,0.0007170916,0.020883719,0.03131965,0.0010139247,0.0007515645,0.00058157946,0.012647599,0.008043637,0.020505844,0.09580524,0.0033824977,0.012430697,1e-06,0.014709643,0.047522847,0.021885013,0.0022673674,0.017726459,0.00043342807,0.005412768,0.0045772633,0.004494807,0.022423895
537fd69b-09ac-c673-406d-5ac37e29a93a,1e-06,0.30897978,0.19719727,0.33629373,0.084922604,0.04031335,0.075933486,0.048649855,0.051168807,0.005137348,0.052977305,0.03855238,0.019607574,0.5347762,0.014101493,0.003544685,0.023370959,0.019155232,0.04223415,0.029528903,0.07894029,0.053228665,0.04662032,0.0052111107,0.01020571,0.02361375,0.005304196,0.018272622,0.004820483,1e-06,0.013494963,0.027765332,0.022597436,0.0021090645,0.017577792,0.027617197,0.002156253,0.0075718155,0.0073271478,0.0035194098
57ceb339-4eef-492a-fe01-15c5aefc45a4,0.4768784,0.26012826,1e-06,0.0069163158,0.015887706,0.0005010912,0.002960265,0.05811875,0.0056446465,0.0027049612,0.05436466,0.02310352,0.00034002907,0.09145429,0.0041406234,0.0018410258,0.0109943915,0.00029021298,0.028796608,0.029534673,0.0020464086,0.0017942254,0.0018567686,0.015026791,0.0041041453,0.020667484,1e-06,0.00042044782,0.016931327,0.09161652,0.012365945,1e-06,0.020161299,0.0051265857,0.017641893,0.0002190901,0.0032991262,0.0033933506,0.0031718134,0.083837695
5a3fb822-49d4-45e5-b1d5-080cf9a4b5f5,0.3606915,0.20543903,0.20159611,0.005599135,1e-06,0.0004952412,0.015093718,0.07382569,0.039304674,0.0039913896,0.048553567,0.04519992,0.11003968,0.009987275,0.022739984,0.011012251,0.03950311,0.05163949,0.028367622,0.030119738,0.01426064,0.009699589,0.007968025,0.0053954786,0.10142955,0.025437977,0.0011318815,0.002376398,0.0031098702,0.011762992,0.024321767,0.003429596,0.03004685,0.0083515365,0.017549483,0.031217132,0.01146377,0.008022926,0.007872087,0.0011475619
5e50a0ae-376f-021b-a3b8-8442891028fb,0.32322988,0.19006748,0.2157124,0.011813091,0.02420961,0.0009101593,0.0034575732,0.045873906,0.008692359,0.0014711797,0.053774413,0.017922208,0.00038278705,0.09993121,0.0070016724,0.0017536961,0.009315259,0.00053855154,0.032357074,0.030499773,0.0011171028,0.00072492886,0.00058586395,0.01458386,0.007378292,0.019116862,1e-06,0.0005527835,0.022961741,0.048970733,0.015220677,1e-06,0.018849397,0.011149058,0.017566936,0.0002499501,0.009349727,0.005485466,0.005525738,0.1187227
6b7c0027-120f-50a5-36fd-5ee84337d719,0.48540473,0.24279612,0.25312468,0.5564658,0.27938697,0.029422866,0.2889246,0.062965155,0.14986607,0.012954018,0.05688963,0.13282213,0.009625957,0.012610694,1e-06,0.20015028,0.035848472,0.007966628,0.019860426,0.030118765,0.028751884,0.018623663,0.015689932,0.0072549675,0.046305127,0.029023552,0.002998719,0.15451063,0.018553093,1e-06,0.022695797,0.0016917146,0.025720913,0.003793791,0.01751197,0.005668665,0.0029068813,0.021672908,0.022100976,0.0020820706
6d200d52-7b87-500a-eb1e-b07011d8d11f,1e-06,0.10811092,0.20481136,0.009078425,0.038784202,0.0010479935,0.030249234,0.07172015,0.023903146,0.0024503127,0.055395685,0.08748985,0.0028454396,0.025254214,1e-06,0.28533167,0.03319102,0.002076067,0.033517078,0.03131859,0.0032581298,0.0025828134,0.00263403,0.0066028605,0.0069823586,0.023446517,0.0050761257,0.008355858,0.010582075,0.024144705,0.016062263,1e-06,0.022813031,0.00706021,0.017635716,0.0019998527,0.0021495414,0.009114586,0.009128567,0.0024212913
6ff0d514-d2bc-8e89-09f8-fb2b55c0f9e8,0.4682726,1e-06,0.2514671,0.01563105,0.016578216,0.00022570862,0.003966758,0.0438093,0.0061075734,0.0027019558,0.058392636,0.016554352,0.00018234694,0.14074264,0.00346112,0.0014358956,0.016546486,0.00024593706,0.029427283,0.031915132,0.0005183504,0.00038161996,0.00029762034,0.01604747,0.0062325313,0.01764706,1e-06,0.0008162586,0.033133812,0.064024605,0.011539738,1e-06,0.017742557,0.0031088341,0.017681818,0.0001167961,0.005434484,0.0019726374,0.001881405,0.17586885
70145016-8360-f787-a9cf-12f71256074a,0.40256587,0.1700525,0.2481923,0.0067508407,0.06442396,0.045125123,0.17601813,0.061052393,1e-06,0.39986718,0.068207294,0.04426498,0.0035571032,1e-06,0.07835115,0.022946801,0.06504048,0.0047190012,0.023447882,0.02961268,0.0033575138,0.002094518,0.0018450296,0.0071578664,1e-06,0.027923638,0.0012794394,0.043710276,0.0069673113,1e-06,0.038963716,1e-06,0.029418336,0.003267631,0.017580148,0.003093294,0.014659625,0.010978398,0.010962849,0.0011851317
701ca864-c137-c6ab-d15c-823c83b28a31,1e-06,0.22913912,0.23723716,0.04196646,1e-06,0.012580606,0.046922155,1e-06,0.083133705,0.009032841,0.050743923,0.0655213,0.0009141218,1e-06,0.035275318,0.015067452,0.07380286,0.0013580949,0.02215673,0.029327283,0.0017159487,0.0011521445,0.00092691975,0.0069827815,0.04631934,0.037190184,0.0018229812,0.0038869681,0.0023512288,1e-06,0.018944312,0.0017827392,0.025241308,0.010921478,0.017530508,0.0005830607,0.0021836006,0.0135104945,0.013276782,0.0014613806
705e1802-d953-5c6b-956a-59207a513569,1e-06,1e-06,0.24981989,0.012837684,0.027324485,0.0009759689,0.049983874,0.053595435,0.01909501,0.0030651633,0.06787825,0.042391583,0.00038657367,1e-06,0.01292869,0.0031087378,0.024546247,0.0004885515,0.021315273,0.03125073,0.00079792185,0.00057854183,0.00035266136,0.008481413,0.008691374,0.02780866,0.15074761,0.002569478,0.02129803,1e-06,0.011613113,0.016446065,0.018929359,0.0020943298,0.017525086,0.0002469482,0.0051479666,0.009360969,0.009488181,0.017349213
7674f269-4753-bb9a-5c3c-ec8bccf57bd0,1e-06,0.14436923,0.23768865,0.039883826,0.16894576,0.018371487,1e-06,0.059555344,0.07150651,0.60554284,0.0618488,0.046650525,0.0013963096,1e-06,0.057796277,0.022341615,0.0397849,0.0015091294,0.016587492,0.030108998,0.0027159462,0.0020992002,0.0017187812,0.008184445,1e-06,1e-06,0.0028679322,0.054969523,0.0038711908,1e-06,0.028186152,0.0014445167,0.025166644,0.003714871,0.017616725,0.0010489881,0.0034372744,0.005966823,0.0058990116,0.0016189713
7a58f76a-017c-283a-9db6-4dc7a320eca2,0.5574433,1e-06,1e-06,0.011937609,0.0411491,0.0035985508,0.0419008,0.06209101,0.04979746,0.0057764733,0.05318697,0.048511487,0.0049159024,1e-06,0.061999835,0.02097923,0.08747405,0.0028706458,0.03289778,0.030109415,0.002240915,0.0019136803,0.001585304,0.01959977,0.04789928,0.024392853,0.0027915987,0.0058603096,0.0072059766,1e-06,0.019735806,0.0034563679,0.0241727,0.010700904,0.017636387,0.0030499292,0.0129428655,0.03750251,0.038080543,0.0028397257
7c703ab2-778e-3634-acef-3f08f970f9d2,0.67195886,1e-06,0.20863757,0.0016226065,0.0065374416,0.0021362132,0.0027565937,0.08184063,0.015692862,0.0018231665,0.07348381,0.024045864,0.00023356373,0.04436151,0.004850524,0.0013449972,0.016029913,0.00019557886,0.022028059,0.031225352,0.0007166766,0.0005533685,0.00047517623,0.008110629,0.004920616,0.023743037,0.3952241,0.0009555881,0.0054367096,0.05171909,1e-06,0.11640605,0.020533847,0.004914732,0.017585436,0.0002358811,0.0013263879,0.0038236852,0.0038074942,0.010275144
7cb241ac-e8e0-f141-a371-7699a66669aa,1e-06,0.35158288,0.19902739,0.014157762,0.07920807,0.0037867848,0.08405315,0.043986674,0.03949802,0.521872,0.056853577,0.078841045,0.0017990437,0.017487843,0.088407926,0.038602814,1e-06,0.0028403113,0.036064032,0.030168869,0.0018216127,0.0012066343,0.0010834115,0.015195876,1e-06,0.028967697,0.00065354526,0.0107610775,0.008145012,0.010174957,0.03458239,1e-06,0.03080656,0.014189758,0.017644927,0.00050222623,0.005178418,0.007897693,0.0077765193,0.0013881945
807ae605-babd-110a-9a79-0483670e9a07,1e-06,0.37109137,0.19388968,0.0051203477,0.020628136,0.004698864,0.014491417,0.054616965,0.025702408,0.0033174076,0.06353064,0.042546324,0.001427989,0.056574244,0.0063376757,0.0027461594,0.021277033,0.0025074065,0.038026582,0.029937375,0.0025781111,0.0015990412,0.0014560171,0.0044786027,0.0056159277,0.022724431,0.0031216694,0.002331663,0.003985106,0.05233914,0.014160451,1e-06,0.024514617,0.003987772,0.017616438,0.00095176604,0.0017489083,0.007853393,0.0076370807,0.0037836253
855fa1a1-a8dd-492c-cb25-a391c28c245b,0.38251087,0.19783236,0.24638821,0.0026797191,0.008337475,0.0015384895,0.0026990867,0.066553764,0.008500338,0.0027083603,0.05664415,0.061518367,0.00022899263,0.07093511,0.006131667,0.0024800734,0.008557267,0.00019319911,0.018211748,0.03128369,0.0013177191,0.0007625782,0.0006386682,0.0038399403,0.0043082363,0.021593863,0.64407,0.00072208245,0.016120486,0.03878681,0.015033291,0.33406594,0.022511734,0.012263325,0.017615287,0.00015138222,0.0011489629,0.0021624553,0.002164278,0.03452755
88283177-1681-0afc-1e54-f2b2b0e8275b,1e-06,1e-06,0.21647833,0.0062076426,0.018373676,0.006364631,0.22051105,0.07117772,0.040293828,0.0046851593,0.07134265,0.043142013,0.0016953256,1e-06,0.006158199,0.0043159127,0.024666259,0.0012758875,0.028309898,0.03064945,0.0044112834,0.004052188,0.0032938663,0.012527219,0.0077039925,0.0280258,0.014731675,0.016513508,0.009579045,1e-06,0.015294173,0.01746305,0.020009125,0.005910948,0.017630126,0.0016100532,0.0062772515,0.012822282,0.012741636,0.008265656
889ded4f-c1b7-f011-a0f4-18c9bfa91e20,0.5783828,0.2558964,0.24095775,0.0026483838,0.012819653,0.0029777652,0.008721604,0.053911783,0.023848439,0.0021677786,0.05318294,0.027216548,0.0007123855,0.084839374,0.007277714,0.003919736,0.01698381,0.000540546,0.024327762,0.03018809,0.0017156866,0.0013330188,0.0010026176,0.004584042,0.00484139,0.02133148,0.008840909,0.0017484486,0.0068771173,0.0679698,0.013420349,0.040626764,0.019335393,0.00357663,0.017593076,0.0008316676,0.0016506976,0.0074102837,0.0073900823,0.0052199517
8941427e-b94e-a868-c5f2-a31f16d25583,0.43388107,0.28399456,0.22715545,0.012655435,0.022075485,0.00559765,0.04120207,0.053392924,0.019404225,0.0024255281,0.0576566,0.04597088,0.0012402132,0.06929219,0.0075045004,0.0041144486,0.019055635,0.0014587911,0.046274047,0.02995523,0.0060406956,0.004985472,0.0046464726,0.01134501,0.009584918,0.021697812,0.009898795,0.0028187602,0.016554412,0.045244765,0.01733373,1e-06,0.023623906,0.005445658,0.017651776,0.00064004224,0.0031249213,0.008347519,0.008020544,0.008669159
897119be-c30d-db5c-65c6-8c7acacf2aab,0.41768572,0.2841959,0.24381186,0.0036998237,0.04920019,0.0006501661,0.07206342,0.047758825,0.030432494,0.0038056506,0.051879335,0.034028895,0.0016204685,0.018280508,0.07683599,0.010172981,0.06839674,0.0010778178,0.02986585,0.030236997,0.004482509,0.004438393,0.0029645464,0.0099951,0.019500751,0.024706671,0.0030567858,0.014081461,0.005094025,0.010606779,0.0181751,1e-06,0.022731131,1e-06,0.017563453,0.0014194851,0.0023604657,0.011797265,0.0117162075,0.0023296664
8a1ba2f3-d620-ca49-e37b-bdc8c3af08b2,1e-06,0.21207592,0.20192027,0.020776685,0.07448454,0.012793255,0.016082527,0.054263536,0.062204443,0.0036490448,0.055345267,1e-06,0.0018506114,1e-06,0.018445304,0.008371644,0.042400293,0.0015215226,0.024247298,0.029655831,0.001394656,0.0009958964,0.0008999938,0.0020990947,0.03592244,0.021441545,0.0022006696,0.0018971002,0.0047209207,1e-06,0.020455884,0.0019007352,0.026021011,0.006407372,0.017600808,0.0015209641,0.0048229033,0.0084251,0.008219978,0.0017766082
8a7fa1f4-04b5-d267-344b-dc1acfcb8bf0,0.696958,1e-06,1e-06,0.004599123,0.030676499,0.0022601658,0.069552675,0.10063029,0.021357905,0.0038762316,1e-06,0.03860738,0.0014525361,0.08633214,0.014695162,0.0020533,0.030289343,0.0012728315,0.0273455,0.03113501,0.015160851,0.017469581,0.0123035405,0.02641611,0.0057176007,0.028163806,0.039302696,0.016833654,0.016212635,1e-06,1e-06,0.022323478,0.020282054,0.005596675,0.017676134,0.000823966,0.008562812,0.005632206,0.0056044236,0.011727137
8aace7fd-2227-9b1b-d6b4-26f24667ea1f,0.40100387,0.23553032,0.21001737,0.0035495975,0.013001725,0.0006639983,0.0020591426,0.046572927,0.009949746,0.0021011715,0.04558409,0.016803173,0.00023421487,0.152498,0.0040675933,0.0012339675,0.009484653,0.00028305638,0.018608907,0.030753365,0.00069831574,0.00043160043,0.00032024973,0.011267385,0.0053242575,0.022507843,1e-06,0.00043553088,0.01737937,0.06281022,0.01552302,0.045215387,0.017543424,0.0063312766,0.017631482,0.00014162752,0.003665225,0.0023153198,0.0023078036,0.070931494
8cd12175-bbd0-1a82-0124-c59b8614affd,0.2646463,0.24868274,0.24392255,0.026810486,0.05074475,0.24156767,0.0121910935,0.07297391,0.182435,0.0036811198,0.08493421,0.04839392,0.0028710188,0.046093524,0.016040014,0.0045933356,0.015333151,0.0023437515,0.028396975,0.032611556,0.010740247,0.0092697535,0.008153563,0.016665721,0.008316357,0.02931504,0.044922434,0.010930261,0.020496788,0.0392484,0.019416032,0.024957059,0.02046401,0.025262376,0.017616836,0.0024032993,0.0007920718,0.005286575,0.0053087045,0.00735919
8db378e0-9e07-8426-fa88-b431378f5fb9,0.34322637,0.20380306,0.21433637,0.10556665,0.20054936,0.024378097,1e-06,0.055963602,0.09541283,0.5048119,0.05575723,0.11642682,0.003543911,0.01839572,0.15280004,0.070792064,0.07998443,0.0033469289,0.043512564,0.03131166,0.0036601857,0.0023417717,0.0019477773,0.008998466,1e-06,0.032372635,0.0009370581,0.2449321,0.012075018,0.0066815857,0.033116218,1e-06,0.025278017,0.006484711,0.01764521,0.001556425,0.0040269447,1e-06,1e-06,0.0021937871
8e398de9-2661-6056-a6ca-306d47bb8b11,1e-06,1e-06,0.2483336,0.06990912,0.16014144,0.011961513,1e-06,0.061201796,0.14533226,0.55995,0.055145882,0.10674312,0.004184369,0.013768858,0.09294169,0.036876153,0.059150063,0.0053774593,0.0342519,1e-06,0.0070747165,0.0051719174,0.0037971246,0.0053369193,1e-06,0.03573229,0.002081168,0.08149446,0.014516188,1e-06,0.023925673,1e-06,0.027454825,0.014657925,0.017634347,0.0041545094,0.0155005315,0.008304919,0.008393646,0.0027725587
8e5161e7-770a-0667-3269-f5dd224dbf0b,0.61448205,0.22244388,0.2487715,0.0049012704,0.012683559,0.0021501968,0.005797279,0.050529297,0.011285499,0.0017191212,0.059975553,0.04440105,0.0007293111,0.038630717,0.007642198,0.0032421157,0.013701375,0.0010495051,0.024677582,0.0306829,0.0013339253,0.000843736,0.0007533438,0.0041946443,0.0073271305,0.021599608,0.17387284,0.0018529336,1e-06,0.054359738,0.016070602,1e-06,0.024050048,0.0030765615,0.017609593,0.00052766193,0.0026453526,0.0075559546,0.007420753,0.039618604
8f9bf2d6-2459-0704-e14b-e682c12cb358,0.37361005,0.29694355,0.23803425,0.012882922,0.109916486,0.0016984568,0.021444207,0.075258665,0.045094226,0.0057412195,0.05150769,0.08050046,0.0015735539,1e-06,1e-06,0.25381455,0.07031322,0.0010593263,0.022987103,0.029324483,0.0019669493,0.0014264864,0.0013484836,0.010426926,0.0508646,0.028037978,0.0030225874,0.0076143565,0.004840028,1e-06,0.02421443,1e-06,0.023551598,0.003955492,0.017607316,0.0015487256,0.0037486015,0.023582049,0.023874743,0.0020118468
90d7f80d-60d3-4edd-ca1e-d6643f9a00f6,0.4341128,0.2648588,0.18402727,0.059476003,0.1880157,0.11472302,0.021835182,0.073594056,0.024407677,0.007899744,0.06872911,0.092509314,0.014185115,0.067603745,1e-06,0.24134818,0.035689402,0.012099731,0.043091353,0.029986963,0.020018326,0.014877492,0.01426082,0.0045412765,0.023738366,0.02596413,0.0031596348,0.0045338296,0.0054377047,1e-06,0.023755463,0.00498272,0.02778491,0.0068011256,0.01776778,0.0039239684,0.0026855704,0.029942509,0.02940279,0.0024941294
93d2afc7-cb76-1e4e-64fb-b357085ec509,0.59831727,0.12208404,0.23316282,0.00065418234,0.005613415,0.0019648185,0.0024067727,0.07739349,0.022787204,0.0014101712,0.07456626,0.024657603,0.0006920906,0.037388664,0.0045527616,0.0013291705,0.009363361,0.00046226295,0.017675715,0.031651404,0.0013458328,0.00130897,0.00089790224,0.004787032,0.0035055461,0.022641381,0.043470487,0.001018113,0.0071383095,0.03757535,0.0183472,0.089262,0.023836564,1e-06,0.017599301,0.0005048612,0.0009848821,0.003644319,0.003613798,0.0057926024
951ac36b-61cf-86dc-ee19-e40e7c8dabb5,0.53200185,0.17932107,0.22883101,0.0021330044,0.011238896,0.0026397395,0.007434891,0.06447745,0.01989959,0.001501953,0.052520093,0.01764988,0.001467448,0.08608909,0.005773989,0.002134324,0.021011388,0.00091353327,0.031326193,0.03201891,0.0018974652,0.0012634222,0.0011617017,0.006393235,0.0063243383,0.02167535,0.015115875,0.0012010615,0.010518734,0.05758608,0.014183366,0.3031163,0.025037194,0.012893972,0.017612891,0.0018917773,0.001777463,0.006133445,0.0060621747,0.0052726134
9657a386-9cae-a682-354e-7fb613275756,0.4855238,0.26925403,0.20669667,0.0052633537,0.15167141,0.0024469,0.005750173,0.053524356,0.113104805,0.0036464885,0.062197424,1e-06,0.0008512936,0.0035900222,1e-06,1e-06,1e-06,0.0010119915,0.021874208,0.029875755,0.00089982577,0.00079730514,0.00082013156,0.014978198,0.03085379,0.028221138,0.0013841792,0.0016209789,0.0049741636,1e-06,0.024875121,1e-06,0.024065912,0.00687959,0.017537652,0.00052263873,0.017871873,0.022223214,0.021857629,0.0015485189
96c37964-5195-9fa2-ddfb-9071bef81a97,1e-06,0.25003704,0.29355615,0.004237539,0.014059163,0.020610992,0.0031879006,1e-06,0.025246525,0.001772587,0.0558013,0.059009682,0.00041087632,0.06403626,0.0078570815,0.0020828235,0.013924838,0.00046984985,0.022221344,0.032002706,0.0013993942,0.0008800273,0.0007340226,0.006774431,0.0050655585,0.025128692,0.023766963,0.0011505387,1e-06,0.06049733,0.014707128,1e-06,0.025740134,0.006959358,0.017575866,0.00029431292,0.00049693254,0.005550066,0.005516633,0.0075708847
96f56917-8f62-64c5-41ff-e1e06f9104ba,0.4497175,0.33139908,1e-06,0.1502426,0.111806154,0.0031983694,0.013610966,0.0395296,0.05264434,0.004122957,0.060446717,0.0139422305,0.0024575123,1e-06,0.006586195,0.00070544734,0.010434845,0.0015297537,0.032504346,0.029621549,0.0076828646,0.009868238,0.007573963,0.015008628,0.007910216,0.019389601,1e-06,0.0070763845,0.006107242,0.05018219,0.01112824,0.010099721,0.015093136,1e-06,0.017580085,0.0037113752,0.00540398,0.0037938147,0.0037240812,0.079723574
975cfe26-1286-d1a1-14b5-271bbbadc410,0.40975678,1e-06,0.23274198,0.17008331,0.07595077,0.16632518,0.053168572,0.059788793,0.05282754,0.016645387,0.05824885,0.040235646,0.022613287,1e-06,0.011097759,0.003329796,0.027772734,0.016008873,0.027194524,0.03029003,0.07879227,0.06321111,0.07140004,0.0073418743,0.014086289,0.02538113,0.010147442,0.023683144,0.017011829,1e-06,0.018203987,0.022694081,0.02319994,0.0045784065,0.017663209,0.013616799,0.0034930843,0.012654518,0.012255774,0.0072260457
979eba08-a39c-fd6b-6e26-b0bd80905750,0.6085998,1e-06,0.20662707,0.0028128712,0.011430297,0.003790349,0.012442709,0.06651943,0.020546556,0.002526769,0.060116857,0.0216911,0.00030554642,1e-06,0.0024243875,0.0017121938,0.014168664,0.00028065455,0.026332216,0.030202184,0.0006324813,0.00058160716,0.0004389438,0.057351522,0.0055053295,0.026256574,0.019395238,0.0038496275,0.011994744,1e-06,0.012160519,1e-06,0.020304343,0.0052691936,0.01757403,0.00023583075,0.003060932,0.0032988715,0.0032338873,0.0070853955
983aafa7-0560-f337-39a7-ca82c20862d1,1e-06,0.18771794,1e-06,0.008509745,0.2064358,0.12432718,0.006597788,1e-06,1e-06,0.0044989837,0.059804935,0.070608266,0.0013739654,1e-06,0.19259866,0.045834098,0.060844123,0.0012709612,0.02569496,0.029661309,0.001910973,0.0018176361,0.0018420282,0.0069099967,0.044501796,0.025553217,0.0023529697,0.0015317285,0.0026005856,1e-06,0.023272831,1e-06,0.026595058,0.006969119,0.017586038,0.00037356044,0.0053118346,0.017284755,0.016777918,0.0025553864
988ccb04-2732-511e-488b-06e2d6f30d14,1e-06,0.3236565,0.21164165,0.0028605373,0.01239426,0.010447766,0.1327287,0.059195198,0.048447907,0.0024993422,0.06668067,0.026512409,0.003039464,1e-06,0.0053661643,0.0028615498,0.029068265,0.0015085026,0.026035806,0.028972333,0.0028925682,0.0020789213,0.0016343754,0.0118530085,0.0051367246,0.02095281,0.0028241992,0.008630506,0.008409796,1e-06,0.014143164,0.0068717217,0.01993968,0.0035889288,0.017593317,0.0042843064,0.0037337348,0.0052056736,0.005209451,0.0014406466
98fb286f-f463-5d73-aafa-7258af6cbbc3,0.6607744,0.23014049,0.20430054,0.005312139,0.013768737,0.015617536,0.00767612,0.06427826,0.01602465,0.0027155578,0.05998235,0.023193624,0.0004929349,0.062322784,0.0029186248,0.0014316115,0.014482271,0.0004918938,0.02195137,0.030019019,0.0023837225,0.0019302716,0.0013850635,0.009158418,0.0032020488,0.022148913,0.020303506,0.003470543,0.021182736,0.05930223,1e-06,0.1949196,0.020163503,0.008117276,0.017684435,0.00044264906,0.005359685,0.005513214,0.005286872,0.0076069795
99c3e055-5358-ccb1-84e6-d9ea0804fc33,0.45748273,0.29007962,0.21679623,0.017537443,1e-06,0.008160336,1e-06,0.06806297,0.11391875,0.005674435,0.04738753,0.113774925,0.0006287648,0.0031243723,1e-06,0.28262,1e-06,0.001218239,0.031387262,0.02962552,0.0007096328,0.00045820884,0.0003800736,0.013776349,0.10897226,0.03348286,0.00095094054,0.0011378102,0.006215935,0.006681045,0.027776716,1e-06,0.029501328,0.008736076,0.017495533,0.0002273042,0.009104487,1e-06,1e-06,0.0021469193
9d6c7d14-7d0e-16b8-e861-512d986d04cd,1e-06,0.20347428,0.24958684,0.005269284,1e-06,0.0023457326,0.02440972,0.062389676,0.06544191,0.5101311,0.058374256,0.10261308,0.00045446728,0.0035820615,1e-06,0.30502462,0.045637414,0.0008161691,0.026367562,0.030129831,0.000633004,0.0003462597,0.000314689,0.011621562,1e-06,0.028780008,0.0014611514,0.00864635,0.0018493491,1e-06,0.027304742,0.0010710191,0.025004048,0.010484995,0.01751617,0.0001498159,0.004436319,0.006304627,0.0063154316,0.0022384147
9d700cd2-9cb9-2cf4-b1cb-064ff4111d5e,0.44439283,0.15150873,1e-06,0.45243654,0.14861129,0.014497717,1e-06,0.04935599,0.019473601,0.002589967,0.05996063,0.037691012,0.016238444,0.06497512,0.060015716,0.007501715,0.05503965,0.0076143867,0.037290595,1e-06,0.01809481,0.015890334,0.011881082,0.011342363,0.02770028,0.025237486,0.0045929244,0.09241589,0.016693883,0.041326884,0.015916983,1e-06,0.024156293,0.0032095755,0.0175648,0.014054757,0.0030041486,0.022954244,0.023596002,0.003080448
9d7c5f1e-1b95-ad91-1223-97f1559e709a,1e-06,0.1968283,0.25193983,0.20973709,0.12649682,0.031665772,0.15476389,0.05373707,0.09103567,0.006654846,0.05600482,0.045775134,0.9240607,1e-06,0.085036494,0.0076572085,0.06540248,0.92862,0.033172622,0.028985417,0.43528917,0.33225542,0.33811814,0.0029683483,0.029839251,0.024570934,0.001589831,0.009940574,0.0038857462,1e-06,0.025349088,0.0013686013,0.028543783,0.00732142,0.017580718,0.7390705,0.013581114,0.026582707,0.027001273,0.0012217697
9e099349-022e-8f09-62f8-e98487b9a6b9,0.45559388,0.19190493,0.2625922,0.4157569,0.32317528,0.21744941,0.036180332,0.060570817,0.19072694,0.0061529423,0.059267584,0.06316513,1e-06,1e-06,0.059057478,0.013391054,0.05640958,1e-06,0.026326895,0.029188048,0.16740629,0.13644034,0.124409474,0.0062256716,0.077921584,0.029433014,0.0017157074,0.021309065,0.012332052,1e-06,0.017826265,0.0013564657,1e-06,0.003402307,0.017604124,0.010116576,0.004854254,0.040266257,0.04105149,0.001374701
9f1ff3ee-4f25-bc64-dca2-f2556e4b72ad,1e-06,1e-06,0.22749361,0.0032856695,0.012063678,0.00031637723,0.0013448729,0.049510404,0.0048999023,0.0020386353,0.047362644,0.03012582,0.00015854712,0.086186305,0.003888388,0.0011867898,0.0112448,0.00017445684,0.0237711,0.03083267,0.00057854684,0.0004148094,0.00033698132,0.005599393,0.0063863513,0.02158837,1e-06,0.00017464414,0.023529647,0.035082024,0.010245528,1e-06,0.018913217,0.008238322,0.017591618,7.726698e-05,0.0036346498,0.003142542,0.0030768032,0.2679341
9fb7c10a-9e9d-745e-ec00-d231ecae22f7,1e-06,0.17821658,0.21354477,0.13191868,1e-06,0.014986312,0.17827894,0.06675734,0.081495106,0.0042406465,0.047389235,0.05612772,0.0032586074,0.03210792,0.033143047,0.012940596,0.031317364,0.0075814077,0.029676568,0.029931163,0.0045735925,0.0034204132,0.0029144927,0.0027532738,0.023128804,0.029106809,0.0016015508,0.03294404,0.007800289,0.018524898,0.022513257,1e-06,0.02439152,0.006922049,0.017540427,0.0013711512,0.0050886986,0.014629664,0.014429514,0.0020859109
a07edfaa-4bfd-02a4-8260-4e82fc9ff00d,0.5996488,1e-06,0.30410933,0.056356758,0.08766301,0.6304655,0.019642876,0.05232041,1e-06,0.0023010687,0.05461582,0.025226641,0.026316522,1e-06,0.013300006,0.004250255,0.026600542,0.024526188,0.022910487,0.028791532,0.004854675,0.0038117024,0.0037217576,0.0026910463,0.013868468,0.027844897,0.0050534056,0.0055223424,0.007949661,0.02429629,0.010529869,0.0051215487,0.02209685,0.0073375423,0.017551761,0.029108688,0.0019016758,0.01941527,0.01941407,0.0030896724
a1f69be4-f8bc-0693-73d2-45688f11fd3c,0.31037703,0.38716465,0.240524,0.0055258577,0.13402975,0.0053242007,0.00413024,0.061077088,0.0934567,0.0041846214,0.05894612,1e-06,0.0006317935,0.0066671795,0.07339239,0.01060178,0.054323394,0.0007521197,0.019727161,0.030736793,0.0011257505,0.00079132133,0.0007013995,0.008112368,0.08324599,0.027824273,0.0018461011,0.0015108598,0.010643484,0.0051189503,0.023915365,1e-06,0.02720604,0.0075676804,0.017643992,0.00036195197,0.005297403,0.022843324,0.022596711,0.0025207198
a307b196-a8c0-9cc2-37ad-a23371cb3f9a,0.3573066,1e-06,1e-06,0.46722016,0.18047749,0.007848302,0.015170896,0.048650905,0.02749912,0.012285379,0.050778657,0.022817193,0.0024131427,0.14229837,0.013596287,0.0033275322,0.019684339,0.0034285665,0.047402028,0.030934459,0.013382964,0.009839426,0.008432985,0.018290892,0.019693892,0.021082127,1e-06,0.0045602485,0.009819112,0.06928042,0.013303925,0.039102882,0.017451676,0.003790962,0.017626362,0.0012867956,0.011936316,0.0070187845,0.0069377767,0.049875
a4477aee-18f4-3a07-6a94-69c3bde9fd1a,0.27195224,0.2755398,0.20551561,0.0033522414,1e-06,0.01971173,1e-06,0.06494932,1e-06,0.0052646543,0.047286626,0.0762039,0.00040557247,1e-06,1e-06,0.22107273,1e-06,0.00083314936,0.03414312,0.029197361,0.000452582,0.00033060787,0.00027854345,0.0042581195,0.05978739,0.029516604,0.0014638392,1e-06,0.004704276,1e-06,0.031319465,1e-06,0.034188204,0.003745207,0.017397946,0.0001254568,0.0038148942,0.016494405,0.016020382,0.0016852656
a4689743-edae-2f95-f1bc-717936a2d537,1e-06,0.12122484,1e-06,0.17260693,0.25693056,0.021739712,1e-06,0.052241534,0.05996502,0.013041311,0.054570846,0.092759065,0.0064378656,0.09369054,0.056011815,0.023316363,0.047292147,0.0029822877,0.035679244,0.030362424,0.016031742,0.01100668,0.009043164,0.0070285816,0.111236595,0.02659033,0.0012410344,0.7077226,0.00800293,0.01563485,0.024900107,0.009784117,0.025517348,0.005724113,0.017640842,0.0053502596,0.004031124,0.018835418,0.01917143,0.0017015425
a52b94bc-b04f-fbd3-eb7a-2f3b31735d4c,1e-06,0.17525917,1e-06,0.01913153,0.12535805,0.0020792221,0.017687136,0.04958418,0.078689694,0.4624982,0.056831792,0.060294513,0.0009343643,1e-06,1e-06,1e-06,0.057056714,0.001128883,0.021269385,0.02939311,0.00097589125,0.0006023803,0.00047714205,0.0033109037,1e-06,0.031033842,0.0032594656,0.0021016607,0.0056389137,1e-06,1e-06,1e-06,0.021151038,0.009146185,0.017520655,0.00040085302,0.002369653,0.004442682,0.0042951554,0.0021303724
a55c5883-94bb-7ef5-0f62-45fc122c0652,1e-06,1e-06,0.24460019,0.0032556993,0.010270826,0.029578455,0.009049877,0.05862549,1e-06,0.0018204583,0.059686046,0.043576118,0.0005066311,0.022640508,0.010035494,0.005039251,0.024026144,0.0007053943,0.028439065,0.031080626,0.0007679998,0.0006102387,0.0004963999,0.006520686,0.0054015466,0.02739743,0.23011844,0.0011261556,0.02037229,0.04507073,0.011653069,1e-06,0.02578561,0.0022470474,0.017591273,0.00030423346,0.007084662,0.0072635966,0.0075379787,0.02897216
a5e1eb4a-9193-b119-9a30-1a7540db8233,0.4047116,0.30025414,0.21873318,0.048235804,0.043943565,0.023993924,0.1325426,0.05084979,0.03745242,0.003424507,0.058933567,0.036749322,0.00390675,0.14749683,0.01392916,0.0054114326,0.02437887,0.003591535,0.03617447,0.031248,0.0069069457,0.005145652,0.004954638,0.008716508,0.007388728,0.025579415,0.0037335544,0.03192324,0.031165127,0.06084003,0.018452372,1e-06,0.02703893,0.001993738,0.01762158,0.0021567934,0.0010609344,0.013809154,0.01382806,0.003969457
a63cece4-b80a-ba6f-f172-df66f4591d73,0.5748538,0.1649024,1e-06,0.017379783,1e-06,0.64605916,0.0130210575,0.076107055,1e-06,0.006237449,0.051617086,0.061376005,1e-06,1e-06,0.038822282,0.020414593,0.06401875,1e-06,1e-06,0.028987868,0.0047534932,0.0032610635,0.0032521153,0.007626088,0.015653009,0.028072784,0.00080326333,0.0022309038,0.007886431,1e-06,0.016344868,1e-06,0.025341999,0.0021922337,0.017517673,0.0018484876,0.001737361,0.009184986,0.008836425,0.0009667519
a655d506-2a71-2d18-d946-b25429537347,0.25599757,0.22584826,0.22942683,0.013199076,1e-06,0.03112361,1e-06,0.07000113,1e-06,0.0074792905,0.05509983,0.16070226,0.0004716985,0.0024827013,1e-06,0.33755168,0.05891041,0.0007962361,0.031984854,0.030281054,0.0011651354,0.00074884633,0.0007163755,0.008314693,0.16182359,0.03169519,0.0011643849,1e-06,0.0043329764,1e-06,0.033906665,1e-06,0.026116686,0.0038557388,0.01753044,0.00017053906,0.0097179385,1e-06,1e-06,0.0018100528
a70f35c4-1373-cb3f-621c-75ca043c72c0,0.2703591,0.22702862,0.2716206,0.023475947,0.12388908,0.0049848994,0.07602201,0.085459776,0.06519522,0.21107313,0.051172163,0.046142194,0.0027007903,0.004417701,0.0428763,0.029454354,1e-06,0.0027241372,0.031797394,0.029260186,0.003467082,0.0024130757,0.002287653,0.0056820074,1e-06,0.027443359,0.0007612088,0.014219448,0.008653148,0.00578943,0.040645946,1e-06,0.033562526,0.0039051014,0.017620863,0.0008318965,0.007834863,0.019402536,0.019305853,0.0011795721
a7e54602-c1a0-2d71-661d-876d582056ce,0.36397958,1e-06,1e-06,0.005759703,0.07682752,0.0039029522,0.19706953,0.07128052,0.07933593,0.006662956,0.046951894,0.04349707,0.0021439004,1e-06,0.0424277,0.0141388215,0.03772311,0.0015692755,0.025719678,0.030290442,0.0026231266,0.0022771715,0.0015634182,0.009989671,0.01224746,0.031168776,0.0025317804,0.014968556,0.016946238,1e-06,0.014483603,0.0044860085,0.02321374,0.010176482,0.01761848,0.0019865185,0.003592995,0.010193496,0.010197862,0.0024147057
a84d0379-d1bc-545a-22c2-d393e01155d3,0.6105396,0.18418902,1e-06,0.0013798926,0.009463797,0.0021195267,0.0039096656,0.06048764,0.017283209,0.0013529258,0.050347663,0.022968208,0.00048559983,1e-06,0.0033963346,0.0011912558,0.013009408,0.00026225593,0.0235272,0.029443884,0.0004370533,0.00033904874,0.00030199462,0.0075334986,0.004733326,0.020795317,0.016128445,0.0013995806,0.014241142,1e-06,0.0116334045,0.033703774,0.020605505,0.0040415637,0.017595533,0.0005645066,0.003202788,0.006250157,0.0061693294,0.0051740995
a8620d16-3d1b-45fe-a79e-b35e57c70c29,0.4592288,0.27856165,0.21980667,0.120741814,0.09724128,0.078490846,0.032637343,0.060971826,0.072464354,0.0050497656,0.055378288,0.034154948,0.90609854,0.046369515,0.018059306,0.008052755,0.04010365,0.8670216,0.03007563,0.030142654,0.21832627,0.18314178,0.18636727,0.008952861,0.01055619,0.025958844,0.0016705156,0.014151915,0.0030607735,0.022590837,0.020082183,1e-06,0.026938038,0.0057827462,0.017710356,0.25515226,0.0019024896,0.03218882,0.032575898,0.0014157059
a92c8d5d-4311-3a81-065d-5c8974d39ae4,0.47257063,0.36918557,0.17889662,0.02281501,0.04193452,0.007523313,1e-06,0.07068904,0.008188463,0.0030780633,0.058699545,0.035031576,0.0012031338,1e-06,0.03224134,0.0058334577,0.025320947,0.0011363081,0.03379628,0.030209407,0.0032986684,0.0022973164,0.001917399,0.02269093,0.023015315,0.03165481,0.011251368,0.0020215192,0.0061623333,1e-06,0.021180496,0.007559302,0.028012944,0.00597286,0.01778772,0.00041479574,0.0028421746,0.017652579,0.017586337,0.0043405197
a9748f8f-fbb1-87da-052d-0915b2478fa8,1e-06,0.4252839,0.23851198,0.012637238,0.04699361,0.0018188596,1e-06,0.04280325,0.04145936,0.0021735623,0.0589207,0.04248733,0.003831906,0.019996094,0.024052601,0.0024056046,0.037077717,0.0020934043,1e-06,0.02981136,0.0017427024,0.00166063,0.001350552,0.0062129665,0.01700947,0.021838065,0.0020508305,0.03921164,0.0028484897,0.009033456,0.020960854,0.0021971806,0.019468548,1e-06,0.017617043,0.0030639335,0.0070932372,0.008006096,0.008008888,0.0019326605
a9ac2ea9-9850-7c6a-b2f0-957042455a9a,0.43009785,0.2564551,0.21877447,0.009621978,1e-06,0.01001761,0.007995096,0.06596528,0.105763905,0.0048664575,0.051933095,0.08310979,0.0010779009,0.005615183,1e-06,0.14997786,0.07386339,0.0012349604,0.024632014,0.03075105,0.0010212044,0.00068897876,0.00063297816,0.014234564,0.06561768,0.03155936,0.001186582,0.0021025233,0.011384843,0.011209065,0.025038071,1e-06,0.025594393,0.006569357,0.017541956,0.0005136493,0.008374729,0.023584234,0.022962388,0.0017624188
a9efd044-9c21-627f-a8fb-076118ea1e8a,0.6294976,0.2512682,1e-06,0.009035193,0.120603584,0.009153886,0.010970485,1e-06,0.012440047,0.0037984557,0.059395593,0.042294387,0.0011569519,0.030295782,0.086555645,0.017449614,0.026530938,0.0011060268,0.047518227,1e-06,0.0039783753,0.0024506561,0.0021469088,0.011682693,0.017762901,0.027989043,0.0058033196,0.0010043839,0.012117195,1e-06,0.029788813,1e-06,0.030921688,0.01175054,0.017632889,0.0003776296,0.0023159017,0.015005627,0.014406422,0.0036265855
ab7eaa58-97fa-8634-3b1e-aecf8783282b,1e-06,1e-06,0.2663503,0.008785177,0.013173184,0.0009887982,0.007485442,0.047984637,0.010159611,0.002032835,0.061453167,0.026809163,0.00041368455,0.1849244,0.011082838,0.0022051004,0.012497688,0.000589944,0.035649452,0.031127341,0.0014732572,0.0010593039,0.00081890356,0.012334305,0.005133586,0.027225852,1e-06,0.0011367641,0.0059515797,0.07414409,0.011243112,0.42274278,0.021499341,0.0038264443,0.017574385,0.00022846994,0.0040724813,0.0038876503,0.0039444184,0.10665919
ae7b7411-e85e-ed55-201f-2a83f49c2837,0.40854686,0.17104961,0.25670573,0.0008577868,0.008308657,0.0049881367,0.0036779842,1e-06,0.01914987,0.0017178134,0.060277138,0.035901997,0.00030039644,0.06652469,0.005546363,0.0020079443,0.011625569,0.00030848366,0.021360807,0.032219097,0.0006714764,0.0004749852,0.00038364422,0.006856228,0.004639351,0.023770692,0.2369436,0.0014508925,1e-06,0.05503339,0.019931206,0.030883405,0.021810286,0.013520575,0.017567696,0.00020503376,0.0007400319,0.003855593,0.00391517,0.013537939
aeb22336-dcfb-9319-fcb0-3dd98a86eb0b,0.29670095,0.22345996,0.23237593,0.119891055,0.20128725,0.035158984,0.17429604,0.063580774,0.07297554,0.009192758,0.06920152,0.022445414,0.00858358,1e-06,0.038896948,0.007708809,0.0326257,0.0037470781,0.022460138,0.029900419,0.018912803,0.016538326,0.01864893,0.006331279,0.031463355,0.02718159,0.003973598,0.17403843,0.0061579277,1e-06,0.022637948,1e-06,0.023585172,0.0075044343,0.017617546,0.028156964,0.0057583135,0.012682078,0.012572545,0.0040548975
aefe9716-6072-791e-c0f7-8bb2d1227915,0.2538438,0.35132438,0.21361561,0.35061535,1e-06,0.023101365,0.14706692,0.048289604,0.24032871,0.0034779108,0.04583459,0.059917063,0.017076813,1e-06,0.08181184,0.05073468,0.054532316,0.01368216,0.023416165,0.029520804,0.03575062,0.035460338,0.027806481,0.004253232,0.14771846,0.024125762,0.0005859226,0.023628725,0.007886599,1e-06,0.024436466,0.00050506485,0.022511609,0.0029657884,0.01755011,0.007839653,0.008400159,1e-06,1e-06,0.0009962891
af7d5693-35b4-2ea1-fba8-fb43ca2551ed,0.4124015,0.28367716,1e-06,0.024339607,0.10332112,0.0011201884,0.026162568,0.055972025,0.047893103,0.0064207725,0.04819722,0.09259142,0.0010221484,0.011038169,0.14354457,0.09145652,0.049640104,0.0010210153,0.026257116,0.030249812,0.003189323,0.0029112322,0.0026147119,0.020998362,0.39982498,0.026164701,0.0014457053,0.004807481,0.003402651,0.010172198,0.019448621,1e-06,0.023876864,0.0070057055,0.017614262,0.00051472895,0.0032962833,1e-06,1e-06,0.0026003704
af873519-929b-464a-2234-20a42837c571,1e-06,0.3148422,0.25099304,0.0075174617,0.016154785,0.0009997693,0.009407884,0.061396535,0.0094800405,0.0017134382,0.05683731,0.022449056,0.0015146474,0.08309552,0.010073218,0.0044969055,0.024807638,0.0008574727,0.030718543,0.03012164,0.0020175811,0.0017191344,0.0015321955,0.0069115413,0.0063147023,0.024796775,0.37417343,0.0031354153,0.016785474,0.07475177,0.018536676,1e-06,0.025668677,0.0021230157,0.017611489,0.0011796188,0.00431436,0.012056553,0.012522028,0.011693751
afd2900b-7318-586a-f83e-aff2bcefa834,1e-06,0.21059902,0.1835165,0.14753088,0.17474698,0.41028842,0.06647058,0.06414159,0.02059798,0.006023514,0.055267602,0.038491424,0.026298014,1e-06,0.048396613,0.017331498,0.029848982,0.0152039705,0.028003521,1e-06,0.1489973,0.09559182,0.10921112,0.003433901,0.011527842,0.025616452,0.0028572811,0.012065892,0.00582882,0.056068122,0.024418158,1e-06,0.025229665,0.0083718235,0.017683994,0.0071612448,0.0019536335,0.027261322,0.026752034,0.002661221
b0a7d846-7ac6-7fda-7da8-8f83ae4a861a,0.54106027,0.3145982,0.17357476,0.024799421,0.10256017,0.008545227,0.041548118,0.06575771,0.012266638,0.004825191,0.075996205,0.05514899,0.00068373635,0.014060482,0.054099828,0.02080155,0.02410512,0.0009456518,0.039646998,0.03112981,0.0024621412,0.0018487652,0.001472775,0.0068236,0.035357688,0.027261466,0.010809053,0.003446629,0.006805765,0.023637714,0.024094466,0.011041472,0.026248943,0.0136512555,0.017604966,0.0003159206,0.0021934644,0.02468242,0.024289541,0.005117606
b1702aed-2b23-1396-27bf-2f3be40a405f,0.40655962,1e-06,1e-06,0.13240817,0.041460216,0.014498465,0.055732187,0.062300514,0.0868466,0.007384009,0.057084568,0.04884416,0.00715981,0.078465514,0.06025016,0.009301715,0.05205872,0.0041970722,0.03180524,0.030645898,0.043283597,0.06693417,0.043867853,0.003199258,0.039862882,0.02756852,0.0036517375,0.025355637,0.009839212,0.020494621,0.014652306,0.011096278,0.02609471,0.0018086513,0.017562915,0.0029952836,0.011421074,0.025776196,0.026390089,0.0025594074
b1965847-c13d-f432-cabf-04c3f7619ceb,0.36032248,0.3627815,0.217407,0.0017954553,1e-06,0.00096467737,0.024547063,0.063703366,0.017173111,0.0019063831,0.046488795,0.034987263,0.0010373488,0.043305524,0.013114971,0.0037154844,0.030676488,0.00082225964,0.024081994,0.030093307,0.003081991,0.0017989615,0.0014878085,0.0061806557,0.0061929673,0.020243252,0.007473327,0.00413911,0.01953919,0.025599191,0.015168773,1e-06,0.023952587,0.0046994453,0.01771815,0.0009936234,0.00108932,0.0054608015,0.005305821,0.0037816467
b23528b7-538f-4397-5af0-017eccfe4129,0.3861736,1e-06,0.19765218,0.0104046995,0.038660564,0.0544364,0.07124552,0.059780188,1e-06,0.004028928,0.06946289,0.035778623,0.0025173791,0.014014551,0.05084557,0.010893178,0.06356145,0.002141816,0.022104347,0.030664992,0.0019265459,0.002113625,0.0015267971,0.0048282715,0.09531075,1e-06,0.0015620395,0.00787374,0.034933683,0.012615078,0.020743087,1e-06,0.032319393,0.0072828177,0.017600136,0.0015830823,0.0072967377,0.043106772,0.043191537,0.0018270549
b29130d4-66d4-84aa-97d5-d4c0fd943eab,1e-06,0.22042337,1e-06,0.022024242,1e-06,0.0024697646,0.035466656,0.05965434,0.05865826,0.39136973,0.04614339,0.11350866,0.0030283963,0.008072043,1e-06,0.4183982,0.0834138,0.002575835,0.021681985,0.029331053,0.0025713379,0.0012490327,0.0010474218,0.0038890052,1e-06,0.033563666,0.00095028133,0.0090902345,0.0039137006,1e-06,0.021952167,1e-06,0.026913453,0.0106584625,0.01760712,0.0012426162,0.003925707,0.0048602405,0.004850884,0.0015609133
b2963bd1-faa1-682e-ef97-3b2effa0a22f,0.52219975,0.1248311,0.2164223,0.00848946,0.062748194,0.0053723115,0.034979094,0.06984354,0.041343655,0.0019765303,0.058959927,0.05388098,0.0019181856,1e-06,0.022960909,0.024105059,0.07824676,0.0014726383,0.02414684,0.031095145,0.0013102466,0.0010254484,0.0007467492,0.0040108743,0.023041124,0.029759293,0.0037872053,0.004598467,0.01265328,1e-06,0.023456719,1e-06,0.025385294,0.0077315858,0.017634766,0.0019267725,0.004714826,0.050069373,0.05115493,0.0019609802
b2d1d09b-f50f-e19c-7905-b201936edbb0,0.4136658,0.3297452,0.22935265,0.080579944,0.054189358,0.29145175,0.008845063,0.063641265,0.10075212,0.00408053,0.06290304,0.06587269,0.0044529284,0.1008989,0.00872354,0.002965414,0.013786251,0.004443641,0.024668181,0.030806981,0.00978774,0.008714729,0.0079286825,0.005414706,0.010558133,0.022623098,0.02512468,0.0052190535,0.009383096,0.09677354,0.015572051,0.023478944,0.021348506,0.0052951295,0.0176536,0.0024570052,0.00096599467,0.008799074,0.008495178,0.0079605
b3064b90-9a02-3eaa-6699-85732f21eac7,1e-06,0.102552816,1e-06,0.0034606569,0.09740038,0.004081407,0.0077393786,0.05590542,0.0988026,0.0034874023,0.057865646,1e-06,0.23802535,1e-06,1e-06,1e-06,1e-06,0.12506646,0.01639074,0.030031126,0.007059067,0.005291076,0.0042393804,0.009369225,0.037148986,0.032788474,0.00055994326,0.00237572,0.0042418204,1e-06,0.025677672,1e-06,0.03546187,0.025333205,0.017539592,0.07917763,0.00764772,0.039154675,0.039333712,0.00069155666
b4a9a663-7fdc-9c91-7a4b-7ac14884ff5d,1e-06,1e-06,1e-06,0.00397899,0.022187037,0.004260922,0.11019002,0.05673138,0.037534982,0.003253872,0.051561512,0.035630554,0.32180798,1e-06,0.017436983,0.007821919,0.05020175,0.094891556,0.020854497,0.029300755,0.023649657,0.01781062,0.017814765,0.008898246,0.013694477,0.032653257,0.0023844468,0.00969687,0.009606277,1e-06,0.017452722,0.004240385,0.029396037,0.012690322,0.017646572,0.04552723,0.0105726225,0.017405644,0.017454362,0.0016967945
b503dcec-c7ee-2620-0024-80a44aa61094,0.17279156,0.22960353,0.2429062,0.39013994,0.25918257,0.15184082,0.14417984,0.06662647,0.26869875,0.010516753,0.06452837,0.034493636,1e-06,1e-06,0.052584667,0.006447001,0.036797244,1e-06,0.039680857,0.029449143,0.19584067,0.25028166,0.24281694,0.0072705965,0.19851615,0.030276518,0.0014736541,0.053589758,1e-06,1e-06,0.027514307,0.00083616667,0.022302255,0.0021367874,0.01759778,0.011120632,0.011805475,0.01701058,0.017008848,0.0021329701
b530e420-8d4f-3542-f5ab-2829b1721b8d,1e-06,0.1484695,1e-06,0.57707226,0.28989142,0.19557747,0.21358703,0.062314555,0.061796777,0.0132159265,0.056414396,1e-06,0.005529433,0.047749743,0.08927543,0.019855577,0.050965007,0.0040942887,0.01761342,0.030286575,0.020925889,0.020096218,0.021435788,0.015210825,0.13328436,0.029476648,0.0017999249,0.41374108,0.003882833,0.018644884,0.023084538,1e-06,0.026983134,0.005042193,0.017618997,0.0029528947,0.0015673463,0.017170226,0.0172405,0.0018440784
b5b59aae-9e13-1737-c80c-8e197223ce1c,0.6480568,1e-06,0.17713155,0.023147577,0.07904526,0.027797746,0.10392949,0.08211885,0.009092811,0.0044672904,0.070108205,0.052332267,0.0013149558,0.0474828,0.05088747,0.01434431,0.03020955,0.0012425206,0.03544376,0.03127204,0.005777605,0.0045467545,0.0039334064,0.01669051,0.04460713,0.025919966,0.012659679,0.01414811,0.015900936,0.018532269,0.016852908,0.018787626,0.029943632,0.018818567,0.0177006,0.0006655348,0.0069603208,0.038352113,0.038836703,0.0071878764
b650cc23-7549-bf64-c845-6bfe22117b06,0.44433388,0.23332168,1e-06,0.61914885,0.20779286,0.017613085,0.06968198,0.061482336,0.04583234,0.010469797,0.060199082,0.027537962,0.004662352,0.060399696,0.052891076,0.0056281444,0.030928584,0.004163549,0.03790357,0.030214354,0.036142193,0.050025042,0.0430478,0.0058287703,0.033933263,0.023551047,0.010105428,0.020196343,0.0067819203,0.027134093,0.022442756,1e-06,0.02130049,0.0025911124,0.017577356,0.0021561468,0.0028514222,0.020718025,0.020634335,0.0067842784
b651b6da-6491-a505-484e-e75d46cd597d,0.41866124,0.31188816,0.21311863,0.057765536,0.054022457,0.0011803076,0.004335691,0.059780043,0.02434032,0.0044242386,0.049775347,0.014553816,0.0015264051,0.12701614,0.009851803,0.0015967984,0.020477742,0.00089809846,0.025723036,0.031034358,0.004534591,0.005086758,0.0033472984,0.010714265,0.007642665,0.018090727,1e-06,0.0025216902,0.021590037,0.051624335,0.0137156155,1e-06,0.015606068,0.0044648796,0.017652214,0.0014132427,0.004498267,0.0035377415,0.0033759093,0.060929436
b658cddf-f8f5-d3bd-2c5a-ea5f5a3fd5ac,1e-06,0.17046227,0.21154998,0.043432023,0.07319313,0.023563223,0.31641948,0.0615491,0.060869716,0.48620695,0.066189565,0.10376805,0.0031876299,0.076978326,0.029576408,0.014972913,0.030857721,0.0018235572,0.023009002,0.031350568,0.006332974,0.0036466494,0.003261515,0.0038269532,1e-06,0.026677273,0.0015758141,0.06741147,0.006348889,0.015251593,0.026253233,1e-06,0.03173734,0.005703957,0.017650098,0.0013429685,0.003039706,0.0056144246,0.005513994,0.0014273538
b6895581-5e52-2f97-ff34-a238a86b2f80,0.52575743,0.27008283,0.19165859,0.013285151,0.02808856,0.0059139947,0.013698605,0.06934475,0.016162101,0.004208253,0.057629026,0.03147502,0.0008931996,1e-06,0.0052183275,0.0022732022,0.0140747065,0.0008796246,0.023381475,0.031116227,0.0025120394,0.0025372894,0.0016408269,0.028027277,0.008060427,0.021993674,0.016455283,0.005506215,0.027498301,1e-06,0.013856657,0.26101175,0.019965978,0.004423483,0.017630639,0.0005042365,0.005472295,0.008148853,0.007954803,0.014286458
b69026b4-fbf5-5c97-8d40-d6140a940ad8,0.40138683,0.42302287,0.21359459,0.061747022,0.107033044,0.0023859725,0.13458033,0.07193733,0.07360207,0.006821811,0.066451006,0.040234085,0.00092449103,1e-06,0.039923184,0.009634306,0.03950226,0.0010106843,0.036858536,0.030472655,0.0027844205,0.002625382,0.0020496282,0.0141211385,0.0948031,0.030191833,0.0055869473,0.02066273,0.007441647,1e-06,0.026274683,0.0019184629,0.030047417,0.0075483443,0.017604452,0.0007945188,0.008840291,0.027085021,0.027116809,0.003182751
b6b75395-25c3-9795-6bc7-38ef5257524a,1e-06,0.31459492,0.20445392,0.007217526,0.027390808,0.0019403,0.008366193,0.055540435,0.029984735,0.0026415272,0.058091734,0.024762932,0.000674441,1e-06,0.006578286,0.0034254363,0.02245433,0.0004991149,0.022888865,0.030095508,0.001667457,0.0009496175,0.00086259475,0.0029374047,0.0061296597,0.02429896,0.056087803,0.0027153424,0.005809769,1e-06,0.016094625,0.011825179,0.020568581,0.008159941,0.017597966,0.00050515094,0.002938413,0.003647721,0.0035656036,0.0076935845
b6d9f9f6-b4b0-8b31-1827-dcc141011135,1e-06,1e-06,1e-06,0.36657822,0.18022329,0.645221,0.04295228,0.06644632,1e-06,0.0065673064,0.056861367,0.11530882,0.013815688,0.034539424,1e-06,0.254632,0.08062385,0.0058186804,0.039554182,0.0298119,0.018793706,0.02016651,0.016275322,0.0059946137,0.04433576,0.03244289,0.0027407215,0.02514045,0.010685281,0.025389714,0.017739419,0.013665395,0.02488604,0.008230899,0.017573074,0.006271224,0.0010369627,0.060108274,0.06091118,0.0028467106
b72410e2-b90b-7073-473b-17dcdf2d55d3,1e-06,0.39176896,1e-06,0.0041492204,0.022263635,0.0008815105,0.002478191,1e-06,0.016402224,0.0014216627,0.04947407,0.018459987,0.00033645856,0.05131515,0.0047815335,0.00089007907,0.011685202,0.0004658821,0.02884502,0.03262471,0.00058289437,0.00038452813,0.0003043111,0.023077419,0.0024013473,0.019337408,1e-06,0.0002940148,0.009036419,0.04527647,0.0144509245,1e-06,0.016967222,0.0037930175,0.017593594,0.00014677536,0.0011862349,0.0028909051,0.0027940245,0.032986835
b8140bb0-ad5e-b2b7-6226-2a14e62b8779,0.4385747,0.115458004,0.21755047,0.0102947075,0.25043842,0.008026414,1e-06,0.038836017,0.16724347,0.0061514075,0.06592398,0.09062852,0.0026824514,1e-06,0.032119554,0.04497633,0.058623444,0.0032755625,0.024635741,0.031044919,0.0017464354,0.0012654681,0.00097576564,0.0050156238,1e-06,0.027807668,0.00062008406,1e-06,0.02218077,1e-06,0.017901806,0.0005763408,0.02636697,0.0044909315,0.01759963,0.0025437232,0.002981332,0.03862556,0.039432403,0.0009896512
b893ab22-978a-7fab-5475-8d209b29e988,0.56284225,1e-06,0.23680542,0.00797921,0.017089548,0.00093030545,0.01033882,0.052322723,0.01997841,0.0027642343,0.06514182,0.024641264,0.00053687114,1e-06,0.0079142,0.0017374356,0.018184641,0.00060292915,0.026166713,0.029884893,0.0015762803,0.001484775,0.0010370469,0.016310243,0.0070840376,0.023465168,0.3300135,0.0021952621,0.010083435,1e-06,0.015883984,1e-06,0.021030383,0.0020055661,0.017506175,0.00028804442,0.0044658715,0.004173196,0.004214546,0.06560481
b8dd1798-beef-094d-1be4-f90ee0e6b7d5,0.37718764,0.21484035,0.21486752,0.46959284,1e-06,0.045124386,0.050235927,0.059444636,0.1687358,0.0066360114,0.055704553,0.0754803,0.0058594295,0.016773885,1e-06,0.124421366,0.048691176,0.0035658164,0.025425209,0.030397704,0.014797403,0.012192075,0.011783384,0.007013243,0.1912622,0.025959708,0.0011646068,0.02238796,0.009956474,0.009344924,0.027248306,1e-06,0.024415277,0.0032931797,0.017588057,0.0041519892,0.007273172,1e-06,1e-06,0.001963167
b8eb8d31-1031-fb5b-e207-b9815f80744c,0.458535,0.30892032,0.21142803,0.0033582845,0.020964663,0.003913372,0.009571028,0.048681993,0.018808097,0.001994818,0.057954747,0.026615132,0.0021219472,0.03748943,0.01198487,0.005039525,0.028277624,0.0013411572,0.038342983,0.030581515,0.0031857726,0.002615859,0.0023436567,0.007398418,0.010041627,0.023739882,0.0067383805,0.0019570822,0.005903847,0.041910984,0.015295979,1e-06,0.029578505,0.0049940557,0.017677767,0.0023726257,0.004568223,0.008531647,0.008415813,0.004915053
b900b05c-0705-c975-2ae7-165dad25c5db,1e-06,1e-06,1e-06,0.38080114,0.12406972,0.13988857,1e-06,1e-06,0.07845625,0.010966156,0.05343003,0.12975962,0.031051738,0.10940911,1e-06,0.32197845,0.056804147,0.015712906,0.04036723,0.03013562,0.06005287,0.02610033,0.021470677,0.014641426,0.026934074,0.03993912,0.0011875418,1e-06,0.010024189,0.020185301,0.016916765,1e-06,0.028119598,0.004082913,0.017632807,0.011257084,0.0052315756,0.02871042,0.02907363,0.0024646819
ba9485fd-fcee-dace-0843-b8894ad33b8f,0.4814026,0.47075123,0.18842192,0.0048229797,1e-06,0.04108317,1e-06,1e-06,1e-06,0.0039020728,0.04600881,0.04547329,0.00096728967,0.0064323014,0.054227903,0.076286465,0.066314615,0.001292213,0.04142573,0.030003086,0.0019427132,0.0012906214,0.0010571365,0.012635444,0.04089844,0.024958683,0.0027615926,1e-06,0.003169986,1e-06,0.023074528,1e-06,0.031698383,0.014955231,0.017563099,0.00032887582,0.0021615103,1e-06,1e-06,0.002389162
bab34d1d-8075-2609-be5e-5676921a79a4,0.5751961,1e-06,0.24768347,0.0070521347,1e-06,0.009272013,0.010335103,0.059169363,0.087855704,0.0035122584,0.048779894,1e-06,0.0010833724,1e-06,1e-06,1e-06,0.041347444,0.001304183,0.030821642,0.029683964,0.0014841759,0.0011629554,0.0009018137,0.0032535242,0.024254734,0.03355326,0.0013462426,0.0013468468,0.004741276,1e-06,0.01823331,0.001071994,0.026994905,0.0043767146,0.017573649,0.00072219584,0.0024177788,1e-06,1e-06,0.0015421779
bab6cc6d-87e0-51c6-b64b-e3cc02c0b86d,1e-06,1e-06,0.20330435,0.03756387,0.09043368,0.0062801037,0.03109824,0.052845377,0.020260338,0.004466759,0.056935675,0.051433336,0.0013591356,0.032292154,0.05393278,0.018056288,0.09362142,0.0020895195,0.026113363,0.030549875,0.002873497,0.0015961527,0.0013464679,0.008820589,0.062398463,0.031049384,0.0026369675,0.0035893174,0.0038948096,0.020170646,0.018906271,1e-06,0.028633138,0.003931305,0.017585881,0.00062324025,0.0017750467,0.02399716,0.024155695,0.003461889
bac273d4-e81d-00c3-9ddf-f046a666f025,0.4106382,1e-06,0.22845668,0.023228422,0.087577775,0.006350111,0.063836664,0.057016578,0.060307547,0.47638965,0.06350822,0.039586514,0.0012467174,1e-06,0.048813187,0.011591963,0.07810186,0.002215782,0.017651467,0.030190302,0.0032595675,0.0019528785,0.0017628523,0.006114068,1e-06,0.029799365,0.0026783152,0.008489798,0.0054619913,1e-06,0.022748517,0.0024944872,0.022801975,0.0078634145,0.017539822,0.0005213028,0.0043021915,0.0031024728,0.0030818377,0.0027012737
bad87386-b5f6-c602-8556-2b9f62a390c7,1e-06,0.16041613,0.27850217,0.23065715,0.10724299,0.014228843,1e-06,0.07605225,0.049096353,0.00975004,0.059463106,0.045535207,0.64470685,1e-06,0.036780998,0.009237082,0.047005966,0.6227531,0.023892282,0.030088302,0.07397729,0.047585197,0.047102455,0.014281101,0.06305671,0.02863376,0.0007628248,0.078169025,0.002190166,1e-06,0.03058318,1e-06,0.028310688,0.004229167,0.017595883,0.093954526,0.007425012,0.019092962,0.019476822,0.0010376156
bb7a0790-0ce3-0f77-6a98-306693899293,0.3863225,1e-06,0.2334073,0.3237887,0.12599808,0.019958956,1e-06,0.06520636,0.08576514,0.0051453575,0.07221354,0.044410884,0.0047473297,0.035671286,0.15619327,0.014073007,0.057504565,0.0056420295,0.03498115,0.03028842,0.01607371,0.0100756185,0.009018773,0.0035579198,0.122349024,0.032431457,0.002198517,1e-06,0.026674058,0.009605457,0.026802737,1e-06,0.024311332,0.004877528,0.017780917,0.0053041363,0.012370757,0.013168509,0.013384001,0.003065603
bba66637-581d-b353-6274-2c1dd4cc63f3,1e-06,0.21905015,1e-06,0.007999458,0.018463524,0.00048617698,0.0022673586,0.04178698,0.00516605,0.002386197,0.053788006,0.019306429,0.0003370373,0.29296744,0.004684803,0.0011103954,0.0084650135,0.00030157078,0.021914497,0.03056379,0.0014817425,0.0011424622,0.00090986054,0.027364234,0.004307338,0.022168798,1e-06,0.000708933,0.016922837,0.072788574,0.011972026,0.23549275,0.01821232,0.007735524,0.017578088,0.0001507,0.0049735494,0.0030524847,0.0029928223,0.16985112
bbbaa427-6b2c-548c-bdc4-0e7a97e7bd41,0.3790545,0.33784288,0.26473778,0.6534627,0.1878457,0.03566235,0.015973637,0.037040226,0.08799935,0.008397217,0.051141612,0.028925145,0.5693892,0.017515868,0.10905956,0.008882987,1e-06,0.6035614,0.023393704,0.029058708,0.19211118,0.21349727,0.22028224,1e-06,0.18838699,0.031622566,0.0005981482,0.009861575,0.0111012645,0.010450462,0.02030166,1e-06,0.028051382,0.004912233,0.017439472,0.11334429,0.007069945,0.07484146,0.07492861,0.00079167547
bbe49b02-ce19-ae00-0d58-cdec9037bab4,0.69018745,1e-06,0.20248893,0.17138417,0.10545133,0.019709291,0.05198479,0.03954366,0.11102618,0.014601114,0.062418226,0.033262193,1e-06,0.018790085,0.07394383,0.011991047,0.037694175,1e-06,0.027968138,0.029054893,0.45020172,0.3738372,0.35015127,0.0071988367,0.055314474,0.029587079,0.00063363044,0.015894346,0.013054796,0.006886505,0.025596388,1e-06,0.026632436,0.009344892,0.017518518,0.007935272,0.0059383465,0.031000523,0.030740943,0.00086987345
bc02e796-3399-dd1c-c07a-e9f0bcb677d7,0.6071175,0.18688586,1e-06,0.00611398,0.021858549,0.00057694013,0.004823818,0.045320414,0.010952926,0.0037353085,0.05010486,0.031012356,0.0004438456,0.084464155,0.0076920413,0.0024767462,0.019214895,0.0007261143,0.024811877,0.031439636,0.0011849464,0.0008429408,0.0007513272,0.035886314,0.0064471923,0.023259923,1e-06,0.0010953943,0.016336618,0.0867435,0.01223233,1e-06,0.020292189,0.003866547,0.017617233,0.00017340909,0.003723562,0.0050190836,0.0047842683,0.17830251
bdcce647-4ad3-9265-302f-cdd063e86916,0.5410086,0.24289978,0.24641486,0.07446875,0.16883402,0.0050122635,0.06349759,0.07281907,0.05398552,0.0052863103,0.056654315,0.08243272,0.0026106352,0.012075421,1e-06,0.26209986,1e-06,0.004443444,0.033699423,0.030143319,0.0055513405,0.004935092,0.0042813187,0.007672163,0.06502278,0.03137541,0.0008034751,0.021425633,0.00870723,0.007098566,0.043620203,1e-06,0.02789003,0.0072031626,1e-06,0.0006171099,0.005327185,0.05428241,0.055039678,0.001433308
be1924ea-8a82-8176-1ee9-fb5d488ffdbd,0.23656826,1e-06,0.1971893,0.13218327,0.14559622,0.49834654,0.10245759,0.059874255,1e-06,0.00481107,0.055922445,0.03873575,0.008188732,0.07814092,0.013185376,0.010068907,0.034397006,0.0041772737,0.03366492,0.030691803,0.033737987,0.030861989,0.026870586,0.0066452282,0.0146753015,0.027412077,0.0034528587,0.062370185,0.009331866,0.037600122,0.016049996,0.021692056,0.025076857,0.006328844,0.01755117,0.0053343573,0.0027520629,0.019637993,0.01945204,0.003571559
be24e515-41d1-3b65-8716-6be62dac2f99,1e-06,0.18204568,0.22809237,0.0013220151,0.0066482197,0.0023088043,0.006004338,0.055828303,0.013028563,0.001995428,0.048878156,0.022956915,0.000578537,0.1355081,0.0052739964,0.0020117015,0.0143129565,0.0004131701,0.019538505,0.03106927,0.00085402426,0.000581653,0.00046833447,0.01303664,0.0045408844,0.023706116,0.02361703,0.0017110845,0.0061723017,0.05434743,0.014377833,0.044825733,0.022387227,0.006247461,0.01759726,0.00073870824,0.001053642,0.0038395901,0.0037864144,0.0052391607
bef35940-43ec-f362-41ef-6bf479b25c8a,1e-06,0.25306213,0.24836834,0.40263996,0.11624469,0.06374677,1e-06,0.055453494,0.08395024,0.00825431,0.06954497,0.04369242,0.0035732265,1e-06,1e-06,1e-06,0.047558863,0.0041260365,0.0269134,0.030171365,0.012520066,0.010679585,0.008866946,0.0078423545,0.084050044,0.027374836,0.005445749,1e-06,0.010136779,1e-06,1e-06,0.0018180073,0.025364513,0.00943863,0.017648924,0.006172249,0.0062218765,0.0411882,0.04155511,0.0035627536
bf082c5d-a251-01af-d1dd-90e1646b4853,0.24185173,0.22347781,1e-06,0.011856236,1e-06,0.0070018917,0.005549212,0.07013669,0.07110784,0.004376849,0.05069973,0.0721782,0.0024336176,0.0051920954,0.048866227,0.017321022,1e-06,0.0023825807,0.02345738,0.031059038,0.00090767746,0.00054162246,0.0004336733,0.010416093,0.040613748,0.027705457,0.0011405816,0.002100814,0.004688591,0.010551752,0.01582588,0.007541337,0.03492995,0.009967272,0.01757528,0.00081542024,0.0036349453,0.053496215,0.054297253,0.0012835234
bf68ebe2-8ee3-3672-55b5-4ef05d5ef467,0.352071,0.32280195,0.23276407,0.004739197,0.3853399,0.0036430864,1e-06,0.057136375,0.056967866,0.0035179968,0.051181618,0.053613927,0.0008627066,1e-06,0.03962596,0.04653126,1e-06,0.0008944642,0.024582263,0.029410744,0.00094419165,0.0005991365,0.0005410183,0.0029190192,0.028726296,0.03181703,0.0022623653,1e-06,0.004408958,0.006312286,0.024910914,1e-06,0.023334093,0.004111405,0.017521983,0.0005370733,0.0023985454,0.03435297,0.033993118,0.0018421966
bf9dbec9-201b-7e90-3c67-07f393f93169,0.65510565,0.26098832,0.19060355,0.003592215,0.03314946,0.010224465,0.07321164,0.050142214,0.070181474,0.0032673955,0.055335548,0.04173067,0.0039565135,0.03440948,0.02163337,0.010992982,0.026207555,0.002418248,0.024367684,0.0298537,0.003532064,0.0028731613,0.0024995552,0.009359506,0.013871497,0.024671815,0.0014530692,0.010625368,0.016654449,0.022866689,0.017817711,1e-06,0.025258286,0.0492689,0.01763811,0.0028235838,0.0031758936,0.015848808,0.015296744,0.0017855812
bfa9a5df-1f2c-3475-7f3a-9967f58073db,0.66527,0.3497336,0.1895922,0.052542087,0.04833226,0.0071928636,0.08816016,0.07605722,0.009913745,0.0021140615,0.065648995,0.05780925,0.0020872718,0.038078275,0.05204302,0.012985404,0.057026286,0.0024482044,0.03038112,0.030227,0.016906746,0.017102974,0.012311307,0.014654914,0.034329288,0.024588078,0.0055925297,0.01214491,0.0065672384,0.012560975,0.021124652,1e-06,0.027495375,0.0060920483,0.017683564,0.00060428306,0.00543342,0.030411847,0.030849244,0.0034761955
c0a724c9-5fec-c90c-b66a-af98aceb17f5,0.50786835,0.22571588,0.2260458,0.026418937,0.14488636,0.009197142,0.016685696,0.06534375,0.03508806,0.5544777,1e-06,0.03432374,0.0012700121,0.014626258,0.060803022,0.018672403,0.0846097,0.0018328249,0.028184665,0.03056828,0.0021273945,0.0018463548,0.0014202783,0.0067735678,1e-06,0.03113047,0.0033666801,0.0057039205,0.0055010896,0.013967348,0.024905521,1e-06,0.022017723,0.0053198906,0.017608318,0.00065599754,0.0025787104,0.036103114,0.036485,0.002395376
c0aa4213-b1ee-0004-d58f-20257ffb7404,1e-06,0.15340576,0.21512128,0.013326602,0.08363991,0.0033884344,0.07544278,0.07146944,0.025881665,0.0059552547,0.06354706,0.057405613,0.0013034253,1e-06,0.026888078,0.03032562,0.058584336,0.0010164952,0.019253783,0.030508494,0.0014331099,0.00080350763,0.0006253793,0.007401696,0.038081266,1e-06,0.0027570764,0.026358724,0.016976625,1e-06,0.020133061,0.002404071,0.0260001,0.00847274,0.017552398,0.001299242,0.003349963,0.033935886,0.034413036,0.0016688136
c0aaafec-b34b-94ae-71e2-cf4f5fe91966,0.44746292,0.25542125,0.23194963,0.0092024505,0.010442967,0.0029801314,0.0055101197,0.053173214,0.030322026,0.0009373228,0.056991544,0.02228635,0.00080209196,1e-06,0.004019018,0.001170381,0.015954794,0.00089594576,0.017339751,0.030285161,0.00059219287,0.00048178036,0.00035477895,0.002969057,0.0055300095,0.0192941,0.0106636025,0.0014128729,0.026528426,1e-06,0.01470154,1e-06,0.021605419,0.0012075119,0.017579686,0.00068764284,0.0055933455,0.0049335193,0.0049851313,0.005814167
c12614ed-2db3-cb59-33c6-be45d445192e,0.26560968,0.097433545,0.2159703,0.8167323,0.36330238,0.031913146,0.21808325,0.06001592,0.116005264,0.017926278,0.057948343,0.098729566,0.006731862,1e-06,0.13956079,0.030719293,0.04559842,0.005064479,0.024252705,0.030569602,0.016063642,0.020400329,0.013501106,0.011649897,0.4399357,0.038462557,0.0033439721,0.14436634,0.013407014,1e-06,0.016662207,1e-06,0.027206004,0.0060747494,0.017604467,0.0055488977,0.007422511,1e-06,1e-06,0.0033504136
c21ec67e-5b58-1689-ae45-2f943ac701e9,0.4872076,0.5290165,0.27016336,0.018176306,1e-06,0.0022646876,0.035831906,0.048890304,0.054590255,0.0030747168,0.05036777,0.04475063,0.0031489234,1e-06,0.07531153,0.008785722,0.042252827,0.0040568663,0.03442707,0.029216813,0.0014150183,0.0010949951,0.0010822954,0.004757638,0.04500833,0.024815274,0.0017288865,0.0064849253,0.0030288293,0.0066309003,0.021064637,1e-06,0.023683297,0.003322736,0.01751219,0.0020133548,0.009352709,0.013465754,0.013353604,0.0018310248
c2a7166e-7395-938a-6f13-4cacbba56324,0.38004634,0.24663225,0.23072161,0.44821084,0.27035567,0.14677754,0.076744124,0.0446508,0.12566611,0.006935474,0.068234086,1e-06,0.004829936,0.03462836,0.16135581,0.013377797,0.033834707,0.007917812,0.028098378,0.031157507,0.015734157,0.013702439,0.011668785,0.015678292,0.14218886,0.026627585,0.0012170045,0.097139426,0.0075102015,0.012115095,0.031299077,1e-06,0.026516978,1e-06,0.017587805,0.0026530311,0.008287204,0.02243951,0.022061963,0.0020983445
c2f24641-c827-b7d6-f43b-670cd2e9805d,0.4817717,0.39180705,0.2078969,0.35266528,0.15936688,0.0023288492,0.005684781,0.041443687,0.019986302,0.0034741173,0.05076938,0.016430655,0.0011995404,0.2598895,0.006575943,0.0019178977,0.013355279,0.0015499464,0.030462448,0.029970305,0.006126236,0.0045169294,0.0039586774,0.00854549,0.008116895,0.018979885,1e-06,0.0031126859,0.014154636,1e-06,0.012527971,1e-06,0.015698114,0.0032330498,0.017658105,0.0010173415,0.006086605,0.005045822,0.004785345,0.15068445
c324f02a-b4ec-2ad3-130f-ab9c9cfc47c8,0.36797005,0.1862441,0.25172362,0.6135845,0.20962822,0.13508132,0.052139934,0.050218243,0.14109585,0.0164813,0.055015303,0.07819761,1e-06,0.027319951,0.22407174,0.039376404,0.05914277,1e-06,0.031242518,0.02914704,0.22988425,0.21629934,0.23025395,0.00616908,0.084440954,0.028155718,0.001010833,0.027505867,0.01604738,0.012503899,0.02023064,1e-06,0.025298882,0.0032326137,0.01753318,0.0038496915,0.0035503574,0.033541217,0.033655245,0.0015202176
c3ee6a96-3637-42e4-1331-7109bc2db9b0,0.2965408,0.26945612,1e-06,0.0066599515,0.011312035,0.0016651375,1e-06,0.062390584,0.015922876,0.0018602057,0.063051686,0.02890111,0.00036019424,0.0810757,0.020071428,0.002632552,0.023582209,0.00027971432,0.040078282,0.031159716,0.001956987,0.0011319646,0.00089077133,0.014501528,0.010804548,0.021752445,0.008564566,0.1955333,0.0075579565,0.031098614,0.018440964,0.027966352,0.024182402,0.003385136,0.017682234,0.000672253,0.0085617835,0.006412089,0.006762996,0.0036480562
c4952fbd-438a-c034-17df-5da9c24ed033,1e-06,0.28529453,0.16641946,0.022659464,0.5534661,0.037412588,0.006351537,0.03984608,0.27329868,0.010385781,0.05064687,1e-06,0.010182648,1e-06,1e-06,1e-06,1e-06,0.01035928,0.01643934,0.029644143,0.01369537,0.00984816,0.009850948,0.0028838604,1e-06,0.031121055,0.00024904526,0.0043880306,0.00697456,1e-06,0.02174984,0.0004040853,0.021099938,0.013055262,0.017482307,0.004498937,0.0026929355,0.016766263,0.01675715,0.0005199914
c4d81511-e632-d454-85d7-577531dcca08,1e-06,0.30525008,0.20040315,0.15657023,0.24469277,0.016327828,0.0631469,0.050613143,0.042002384,0.017868578,1e-06,0.033731908,0.0021617599,0.4851557,0.021548668,0.003920188,0.026233304,0.0023258585,0.025365658,0.031507365,0.072629936,0.06950512,0.07763336,0.018674504,0.0129865,0.02564531,1e-06,0.056028347,0.011618424,0.16941191,0.015005919,1e-06,0.01740003,0.013094211,0.01765772,0.001296713,0.0016649257,0.007162047,0.00704778,1e-06
c5450d36-7905-0484-dbed-fe4fd8be6c46,0.20985577,0.22258475,0.2064047,0.0043984707,0.15003668,0.0004806979,0.0070805303,0.053779162,0.067536294,0.0036364468,0.06384633,0.051151868,0.00027838914,1e-06,1e-06,1e-06,1e-06,0.00035118012,0.017408125,0.029776463,0.00035632917,0.00030050697,0.00026998486,0.008482102,0.042046785,0.02794541,0.0012882492,0.003430503,0.006283599,1e-06,0.023537211,1e-06,0.02763135,0.002087405,0.017477809,0.00021045546,0.009372771,0.017923322,0.018470578,0.0013844693
c5c46a0c-d6c0-c22e-594b-a2b389228704,1e-06,0.33987433,0.24182399,0.4866799,0.19168115,0.028026083,0.11470138,0.0486315,0.12796131,0.00587975,0.065112464,0.04023773,0.015545504,1e-06,0.07962139,0.0060674064,0.026942242,0.020223554,0.027000446,0.029649623,0.021208484,0.025563844,0.027180005,0.008336019,0.0183415,0.02655708,0.007006182,0.07802519,0.006269136,1e-06,0.01927294,1e-06,0.018304741,0.0044621862,0.017585328,0.020395424,0.0023415312,0.038809948,0.039264,0.0038446456
c5c4a7fd-8f23-dc87-37cd-d5b4aa1ea754,0.49935985,1e-06,0.28025505,0.0047843093,0.028024059,0.0018308875,0.016151875,1e-06,0.05682875,0.0027894436,0.0549416,0.05920693,0.5290014,1e-06,0.020160634,0.0034210426,0.043329597,0.3592804,0.026295315,0.028736794,0.08740282,0.07701534,0.067161836,0.01051914,0.038875166,0.029042648,0.0009628104,0.0018103711,0.005219254,0.0046890383,0.01605677,0.0010322329,0.025767641,0.005910828,0.017597701,0.11542413,0.0051370347,0.009556889,0.009502926,0.0012186943
c5df50fd-2061-785d-8e03-ef304f81c03b,1e-06,0.30308402,0.24957518,0.013832091,0.030249601,0.0025683462,0.007702802,0.060410786,0.025171796,0.0015528407,0.0677718,0.032496072,0.00050548435,1e-06,0.010587528,0.001302884,0.01851092,0.0005122669,0.02397643,0.030261958,0.0010486455,0.00094856793,0.00070336723,0.0070256996,0.0057424386,0.02446415,0.016061466,0.0030525106,0.0071807555,0.018882517,0.014143804,0.0087787025,0.020006362,0.0036535522,0.017682211,0.00044373295,0.0028905692,0.01090158,0.011018776,0.0058749323
c62964b8-8069-d8b4-bd8a-e9d604ce409b,0.38655648,0.33793408,0.20427436,0.06563462,0.076017864,0.19840856,0.014138409,0.073773995,0.02383617,0.0054205437,0.06970515,0.037046224,0.009814926,0.06674567,0.013849124,0.0048328,0.016963195,0.009322924,0.029938234,0.030752499,0.03028447,0.02162983,0.020802386,0.0058709714,0.011552039,0.024468401,0.008921632,0.0041615823,0.014745901,0.04595615,0.020406745,0.02788554,0.023268195,0.011025434,0.017708438,0.0033590503,0.002032983,0.013226104,0.012640879,0.0056914426
c68bdb7c-1d1c-6d33-4519-b3e810656252,1e-06,1e-06,0.2486971,0.4644433,0.24887086,0.062215637,0.05248108,0.05462963,0.050949592,0.0076622134,1e-06,0.026145661,0.12214573,1e-06,0.03744508,0.0042411685,0.06410257,0.120825805,0.027392376,0.030732935,0.032314647,0.02952482,0.02931452,0.020226384,0.029163253,0.028620863,0.003115618,0.035401825,0.004881112,1e-06,0.018062305,0.0030862459,0.026481599,0.002680588,0.01765932,0.014380177,0.012119707,0.03857363,0.038987927,0.004454698
c6f55546-d0f8-fea0-d392-6d5c6d648d3a,1e-06,0.28281933,0.20200823,0.0020785683,1e-06,0.020119745,0.0034509876,0.07498564,1e-06,0.0027256694,0.049828522,0.07936967,0.0011003667,1e-06,1e-06,0.20940301,1e-06,0.001166712,1e-06,0.029664788,0.0010368646,0.0007764571,0.0007250333,0.006926698,0.032063827,0.03327687,0.0024423448,0.0013453261,0.009398844,1e-06,0.025250038,1e-06,0.024740195,0.0072354795,0.017430242,0.00042608764,0.006740075,0.027309371,0.026457798,0.0018038092
c74b87eb-97f7-c5cc-cd15-6645bc19ef91,1e-06,1e-06,0.22408676,0.0053696753,0.037163727,0.0015524171,0.034471165,0.055176616,0.0276551,0.0047413544,0.060494434,0.05321921,0.0022570551,0.020467766,0.031155571,0.017789653,0.05548212,0.0017402744,0.023859866,0.030703247,0.0022704282,0.0017103197,0.0014045731,0.005510358,0.021964123,0.02763369,0.003942393,0.01793215,0.008539255,0.013869011,0.015830368,1e-06,0.020764096,0.013825102,0.017585054,0.0020237274,0.0022011434,0.008798913,0.008763875,0.0036717097
c7542100-62c5-b736-9208-f0b9b2b6c6df,0.2743054,0.3782282,0.21492137,0.00373753,0.038703855,0.09540981,0.12415032,0.0669738,1e-06,0.0025495067,0.048995357,0.058525383,0.017244825,0.01506763,0.019330733,0.017944334,0.033488087,0.0075247325,0.034891337,0.029506318,0.0055487864,0.004808791,0.0055514756,0.006451693,0.012519166,0.026274875,0.001629175,0.018197108,0.012444706,0.014256311,0.019871134,1e-06,0.030380655,0.0043345364,0.017648535,0.0077375355,0.002629321,0.030903595,0.030921603,0.0012350054
c75d7332-fcfd-d3cb-7fff-4e9b871f1d19,1e-06,1e-06,0.24468292,0.004693122,0.0459871,0.0019027077,0.024891604,0.06272871,0.053374454,0.0038225448,0.05864261,0.049131133,0.0007231702,0.0063788616,0.03835442,0.010084032,0.07040053,0.0006477907,0.02799408,0.029650265,0.003585046,0.0025243415,0.001997884,0.011520149,0.07080238,0.03396315,0.0049627065,0.005412912,0.004701317,1e-06,0.02367063,0.0021028086,0.02066199,0.006590296,0.017560618,0.00070274866,0.007932045,0.009407545,0.009375212,0.0028427374
c7fff683-fd1b-f937-71ae-a490a80c9197,1e-06,1e-06,0.22628888,0.0050194897,1e-06,0.0007084934,1e-06,0.048967462,0.06836911,0.006104029,1e-06,0.029609313,0.0011901639,1e-06,0.04172914,0.032500897,1e-06,0.0018197326,0.011407494,0.029406384,0.00063094404,0.0004344631,0.00035581758,0.011714492,0.047133643,0.03543222,0.00043824935,1e-06,0.004059627,1e-06,0.017246565,0.0004769468,0.03787205,0.0054532876,0.017441591,0.00039190493,0.004163058,0.019370595,0.019245353,0.00063996663
c8481c30-a56f-85ee-98c0-23274d625cc0,1e-06,1e-06,0.23713721,0.006514638,1e-06,0.0869745,1e-06,0.06406127,1e-06,0.013634469,0.047625914,0.12048477,0.00055118796,1e-06,1e-06,0.5042799,0.05672847,0.0011563317,0.035358757,0.029517442,0.0005148791,0.00034435047,0.00034140688,0.002370634,0.06724836,0.033123333,0.001555459,1e-06,0.00513867,0.0047901636,0.020668527,1e-06,0.028193722,0.012179524,0.017424453,0.00018346352,0.0035133192,0.046269454,0.04601194,0.0021328107
c9332015-f09f-0168-2b97-f3808282e2a1,0.41585693,1e-06,0.16454981,0.021339608,0.082479835,0.0059249247,0.010873916,0.058367513,0.010819365,0.004833294,0.06253389,0.07509668,0.0007149814,1e-06,1e-06,0.060899228,0.049403664,0.0009533057,0.034575604,0.030855786,0.0017733444,0.0018277435,0.0012022011,0.0077094636,0.018466715,0.029643469,0.015067706,0.002144016,0.01339832,1e-06,0.016095614,0.008598218,0.027216367,0.008509979,0.017626777,0.00028351968,0.0033918475,0.035187393,0.035187,0.0061380086
c9359c09-245c-0f84-602d-32b9cb35ac98,0.48618895,1e-06,1e-06,0.0050648306,0.016410708,0.0037523238,0.006049987,0.0593812,0.021242442,0.003446366,0.05239026,0.036924545,0.00074448594,0.076480605,0.004052343,0.0025489668,0.012583927,0.0006499818,0.02569964,0.029933365,0.0033899073,0.0027008804,0.0022521957,0.027250841,0.008081407,0.024907112,0.012015178,0.0017188009,0.008018689,0.054867547,0.011346283,0.09645318,0.022878546,0.0055656186,0.017678939,0.00044726004,0.0026037176,0.0056094322,0.0054742573,0.008299194
c9549ef4-bd8a-c607-0387-d4e414d53860,0.44362247,1e-06,0.2482603,0.0961809,0.15576719,0.009702992,0.00855363,0.045518354,0.0496987,0.1744248,0.048441492,0.047774084,0.0058907415,0.010899676,0.058666646,0.013884206,1e-06,0.0048869327,0.030861802,0.029714864,0.0030941952,0.0018532326,0.001533163,1e-06,1e-06,0.035076827,0.001150018,0.002894485,0.013965537,0.0110626975,0.01796072,1e-06,0.02730263,0.0066845226,0.01746595,0.0009998932,0.002805543,1e-06,1e-06,0.0019609625
c9b44e2d-5c07-1436-164c-ab3b11a0ab17,1e-06,0.25109017,0.2301598,0.005236897,0.025033826,0.0017651448,1e-06,0.064840265,0.021933168,0.0025110457,0.05006843,0.023967467,0.006567786,0.0241949,0.019860182,0.010189539,0.03297256,0.0028727218,0.0322617,0.030431774,0.0036459344,0.0019790127,0.0016695547,0.006912474,0.00868906,0.02737381,0.005153224,0.008207412,0.0068177814,1e-06,0.01482228,1e-06,0.020357616,0.0025041157,0.017561402,0.0029110517,0.0031156528,0.0053174593,0.005328825,0.0022579997
ca823919-68ac-65f0-cb30-eb4aefce987b,0.3153958,0.16377777,1e-06,0.16843076,0.12953646,0.92078257,0.057990655,0.0715887,1e-06,0.011271831,0.05433523,0.063591324,0.01036851,0.047436025,0.04837402,0.012250723,0.025619935,0.008941664,0.042527,0.029530408,0.04416786,0.032358512,0.033341397,0.0026053737,0.017897123,0.025861429,0.0025424354,0.029773828,1e-06,0.026779525,0.019347286,1e-06,0.02726732,0.005184199,0.017615825,0.008184777,0.0017375223,0.015561271,0.015334651,0.0019239453
ca9df6e1-d8d5-4450-7ad7-246de200e9d8,0.48803467,0.2903298,0.2626028,0.01716034,0.068464115,0.0030992343,0.0271707,0.049895737,0.042761315,0.0027270827,0.06238541,0.051636882,0.0027686115,1e-06,0.06192028,0.012243676,0.058248326,0.004084095,0.02935801,0.030236268,0.0014918813,0.0011720827,0.000983746,0.006051399,0.019497365,0.027872117,0.0048369598,0.0035313861,0.0042301733,1e-06,0.01678474,0.0030107782,0.022517193,0.0028194243,0.017572494,0.0017284689,0.0074958415,0.02605503,0.026206959,0.0023324997
cb20addb-bdc5-fa80-eca2-295c6502c457,0.45705703,1e-06,0.20049945,0.04503785,0.09647762,0.5385823,1e-06,0.06212601,1e-06,0.0111453775,0.06326572,0.045945548,0.29887757,1e-06,0.02627776,0.006283042,0.04974153,0.2894508,0.020932544,0.030975254,0.17135286,0.072593294,0.061584134,0.012386006,0.051597457,0.028833894,0.0011091951,0.39058292,0.0149246575,1e-06,0.020393044,1e-06,0.030200271,0.0052630855,0.017610995,0.092560105,0.013588961,0.009981239,0.010089281,0.0012233525
cb68e867-91ce-9592-7e84-dafc3d7f8f5e,0.55872875,0.15079847,1e-06,0.007553559,0.07024784,0.003584838,0.022123741,0.05712245,0.067744754,0.004311129,0.03910168,0.032358255,0.0022590903,1e-06,0.038749617,0.018750742,0.08179609,0.0017830033,1e-06,0.029770307,0.0030053484,0.002012392,0.0019339275,0.008023619,0.050702564,0.02956544,0.0009086306,0.0050773816,0.0042612893,1e-06,0.016996307,1e-06,0.022006031,0.006794828,0.017612748,0.002004852,0.0049848706,0.009402137,0.009324206,0.0010936776
cb9cfb7b-064e-ea9f-2451-22af6036b96f,0.71745205,0.15644597,0.22650646,1e-06,0.027092727,0.0035158677,0.015820066,0.073515825,0.097469375,0.004321642,0.059294082,1e-06,0.0004841888,0.0025824225,0.22454642,0.0038930327,0.026535606,0.00046229936,0.009075776,0.029519256,0.0013145076,0.0012910757,0.0010479369,0.0016506064,0.055181593,0.019781956,0.0005947523,0.0010628422,0.0021573184,1e-06,0.020402111,1e-06,0.024189847,0.0028009948,0.017446954,0.0003239332,0.0012578155,0.003617075,0.0033950577,0.00051597605
cc0440b0-07aa-244f-5b6c-dfaee5934647,0.5663591,0.143598,0.24422747,0.0037147955,0.013858863,0.00550778,0.0064232056,0.054800104,0.025552547,0.0027778703,0.059669025,0.02962569,0.0012399306,0.051768765,0.005978842,0.0027965277,0.018156739,0.0011889855,0.022276182,0.030050037,0.002047049,0.0014080792,0.0011815374,0.0076727215,0.0062105246,0.022813106,0.0069376556,0.0015683123,0.004174278,0.05877905,0.015435593,0.03843911,0.023111882,0.009459465,0.017697498,0.00092825975,0.0023984679,0.0047941585,0.004678849,0.0052549443
cc09bb7e-fc13-9c7c-6ec6-36aad422ded6,1e-06,0.30223432,1e-06,0.061933607,0.02892634,0.358593,0.005215025,0.049879096,0.10791823,0.004141533,0.054448046,0.047943924,0.0056798304,0.044407077,0.0072082817,0.0024690118,0.011653413,0.004259955,1e-06,0.029812908,0.009391575,0.008715251,0.00877645,0.007947808,0.0043151677,0.029899953,0.015707437,0.0037615416,0.017513594,0.043778103,0.018908298,0.066674665,0.021845933,0.011223115,0.017649509,0.0018223756,1e-06,0.0044497987,0.0044150436,0.005934859
cc2434ef-2091-fc9a-9d09-01af20bf3e6b,1e-06,1e-06,1e-06,0.0031048874,0.0096617555,0.0021472503,0.028136114,0.06483659,0.024087727,0.0051995693,0.06871826,0.027742388,0.0011322093,0.098423064,0.0070520183,0.0032835598,0.023095286,0.00079495064,0.024152545,0.02991021,0.0022591038,0.0020073294,0.0013234457,0.008064253,0.004409612,0.023591442,0.009762359,0.005675825,0.006536787,0.09327422,0.013536193,1e-06,0.024383463,0.010176279,1e-06,0.0007053845,0.0069365744,0.004513413,0.0045251534,0.011095403
cc55ae94-c116-5d65-c5ac-4c4ea523d24f,1e-06,0.2874015,0.22771272,0.04210605,0.08918181,0.15364239,0.11860368,0.041325454,1e-06,0.003826643,0.06001259,0.035260543,0.0457644,1e-06,0.042414006,0.0050887344,0.025418852,0.016756073,0.022694305,0.028751584,0.010399902,0.01070137,0.008766851,0.001594077,0.010627309,0.022617714,0.0054961047,0.029904889,0.0038611859,0.01014099,0.014443185,0.0012039753,0.020460587,0.010799178,0.017545098,0.045894813,0.0013001834,0.008163221,0.008067347,0.002382392
cd38387f-e259-a502-9adc-da5bfd379c3a,1e-06,1e-06,0.24787901,0.001573061,0.011834281,0.0043803947,0.0034640855,0.0601548,0.019524226,0.0014667221,1e-06,0.038203944,0.0010650655,0.053697314,0.0061768205,0.0018350901,0.018721687,0.0009039783,0.029861227,0.031842362,0.0012409248,0.0010635316,0.00081464235,0.010700627,0.0029040747,0.02426417,0.016387815,0.0008302373,0.01488921,0.058529,0.011172304,1e-06,0.023086825,0.0060826107,0.017655268,0.00083518564,0.0006989007,0.0073385444,0.0075219874,0.004658884
cd3c27b3-ea4d-32be-7120-1e7f2016777b,0.28161323,1e-06,0.24060832,0.10133899,0.04600612,0.7942104,0.06965322,0.053071897,1e-06,0.006098197,0.05834288,0.042113043,0.8761061,0.024382137,0.043507382,0.009579709,0.04407976,0.8051873,0.02820691,1e-06,0.11907834,0.11385165,0.09743974,0.008836586,0.014657047,0.029654881,0.0011207663,0.01370444,0.0043709935,0.026904391,0.01778572,1e-06,0.03476241,0.003588525,0.017639939,0.23891014,0.0031663177,0.03223022,0.03270472,0.0013440112
cd59c9f2-6d51-ff9f-89f5-844701d05fb0,0.6617096,0.21165587,1e-06,1e-06,0.03879693,0.010959768,0.012767779,0.06097702,0.09819765,0.005488538,0.059271935,0.026601791,0.0012423856,0.015662141,0.0146809975,0.0018475906,0.022446537,0.001038485,0.026840935,0.029065195,0.003232744,0.0033414548,0.0025546409,0.00427699,0.007299874,0.022666194,0.0013710612,0.0025606055,0.002166018,0.014915767,0.014807593,1e-06,0.01968883,0.0020121338,0.01751725,0.000919202,0.0012224703,0.0062301694,0.0058986773,0.0014994593
cd72039d-f8c3-6fb1-896f-1a16016191ab,0.56917185,1e-06,0.19858593,0.035921555,0.0710628,0.037097592,0.24156046,0.059849735,0.083806776,0.01537457,0.06336244,0.019872997,1e-06,1e-06,0.029546399,0.002866079,0.03100686,1e-06,0.016956413,0.028510578,0.26672375,0.2818762,0.24325052,0.017205384,0.018087676,0.03306681,0.00092301646,0.06431336,0.023333663,1e-06,0.020828996,1e-06,0.025192557,0.0041215112,0.017594913,0.01245043,0.01724732,0.012482254,0.012174333,0.00092052843
cd803c46-257c-71a9-a46f-836241f592ba,0.4195028,0.20971479,0.21194877,0.0118491305,0.019580381,0.00441311,0.03275313,0.080580555,0.02401312,0.003029491,0.05842286,0.021516012,0.0047233687,0.10494201,0.0109885065,0.003877179,0.02588107,0.00308237,0.027873352,0.03211299,0.004097666,0.0040176716,0.003686306,0.021005152,0.008661898,0.024340343,0.0047421423,0.008117989,0.014824884,0.04373081,0.01572305,1e-06,0.025959047,0.0032614912,0.017724006,0.0057321005,0.0037796644,0.0104992045,0.010547144,0.0035837397
cda99814-5788-fcd3-3de7-f7cf9d57f4d7,0.41750503,0.42551258,0.20731804,0.0066865413,0.02152237,0.00037414275,0.0044862176,0.049679972,0.012112563,0.003294618,0.048649803,0.020065935,0.00021000952,0.11146802,0.0050705425,0.0019512378,0.012592216,0.00023787831,0.034845743,0.03147328,0.0010140234,0.00079404854,0.0006366452,0.009757611,0.0057873162,0.020218208,1e-06,0.00065147114,0.011236257,0.042148337,0.014339067,1e-06,0.016247185,0.003154414,0.017578768,0.00012544639,0.0038594513,0.0034417135,0.0033499794,0.044758778
cdb62d24-610d-47f2-f2aa-25be436ab14e,1e-06,0.38654485,0.24215509,0.0031900085,0.02230066,0.0022855366,0.013963994,0.06388093,0.030074252,0.0025520136,1e-06,0.0320097,0.00071067846,0.08177691,0.005230185,0.003330639,0.025103427,0.00059598463,0.019949883,0.030403804,0.0034519483,0.0022177647,0.0020064437,0.008237858,0.0048478157,0.024161175,0.0070060776,0.002236899,0.010162826,0.052730545,0.014050218,1e-06,0.021745931,0.011749299,0.017559867,0.00058955065,0.0014897954,0.007551849,0.007407007,0.0035739997
ce623e7a-604b-d6ca-175e-9f7c25122a12,1e-06,0.24814637,0.24647512,0.0056495043,0.012280055,0.008423464,0.008935357,0.058139134,0.016134966,0.0030923127,0.05641206,0.05511831,0.0011575422,0.06213262,0.009519922,0.0048846784,0.017983997,0.0011313197,0.02772763,0.031364214,0.0017022293,0.0010962678,0.0008757368,0.016868362,0.008281199,0.02294404,0.008204144,0.0023712977,0.004878658,0.05970249,0.014781656,0.62923956,0.023034051,0.015856333,0.017712548,0.0008320829,0.002644948,0.005543821,0.0054906453,0.006741285
ce785d56-cd20-a431-06bd-1f5d366ccea9,0.48606786,0.2108432,1e-06,0.0037851455,0.013025821,0.0025178858,0.0047069537,0.06365882,0.025456117,0.0018987446,0.06337421,0.0374852,0.0005929063,0.078471266,0.005377389,0.002589996,0.012400659,0.00037933805,0.019169008,0.031935602,0.0013412666,0.0010523387,0.0008365153,0.012150644,0.00355747,0.028707007,0.031780437,0.0023793627,0.007087309,0.053895954,0.014695651,0.1820444,0.022889128,0.027238527,0.017708616,0.0006288191,0.0011909573,0.0048382822,0.0048439945,0.0114176655
ced351aa-e7c4-6657-1e3d-0f1bfafdc114,1e-06,0.36459228,0.23379469,0.0035683974,0.059727293,0.0007827491,0.0145463245,0.06606253,0.03239918,0.0030142174,0.06545338,0.03173396,0.0019771887,1e-06,0.025318075,0.0065709907,1e-06,0.0019966655,0.03752313,0.029944927,0.0020929659,0.0017424143,0.0015352175,0.011153596,0.012494544,0.027133904,0.0066975513,0.012997594,0.005418557,1e-06,0.02052338,0.0054891477,0.020233883,0.0031209355,0.017581476,0.002319343,0.008819658,0.012141248,0.012289947,0.0020897172
cf05adcf-3323-a69a-da56-2f2d2cec714f,0.40367305,1e-06,0.21470404,0.047399305,0.084529564,0.013036316,0.035353817,0.052965973,0.06251465,0.013068322,0.049349427,0.020992626,1e-06,1e-06,0.023078352,0.0070349583,0.0478215,1e-06,0.023148505,0.028716631,0.23067705,0.20088983,0.22037613,0.013181641,0.03743098,0.031107571,0.00081155804,0.027270362,0.010717146,1e-06,0.02925651,0.0016686181,0.026051898,0.009940974,0.017567048,0.023208648,0.008705498,0.0156292,0.0154523915,0.0007491433
cf8bbb0b-d263-9c01-d3ff-d35b12c58d3d,0.24060172,0.13227142,1e-06,0.0076909494,1e-06,0.0006952314,0.0050591333,0.07248352,0.037602846,0.0025071476,0.04510839,0.07731557,0.0007920741,0.003961718,1e-06,0.1546791,0.06280243,0.00047644094,0.034496196,0.029220182,0.000793557,0.0007190985,0.0006346059,0.0033576617,0.019177396,0.033147212,0.0021250264,0.0021847903,0.0111582205,0.006901954,0.022362424,1e-06,0.033801075,0.0065491265,0.017531343,0.0006661585,0.0032273938,0.021636782,0.022099318,0.0013411648
cfa4be31-9f51-8938-f0f4-e41fdd9c05c4,0.27635324,0.2309638,0.22455342,0.44063097,0.26716027,0.24160136,0.13747963,0.06124236,0.09837304,0.0057387054,0.06065764,0.05563948,0.009642705,1e-06,0.026131026,0.011498852,1e-06,0.017800495,0.026691938,0.028663296,0.024351304,0.029505013,0.02002872,0.0072475052,0.037810102,0.028534615,0.0019141326,0.12885134,1e-06,1e-06,0.029252654,1e-06,1e-06,0.0022399523,0.017646533,0.009464432,0.006221649,0.029123295,0.029451793,0.003407239
d002ef2e-5592-3f83-cf85-bed07c4fb5e7,1e-06,0.1640683,0.23421556,0.24425702,0.07732862,0.17762794,0.031414974,0.0584062,0.09622571,0.0068262657,0.052593593,0.045393337,0.015070932,1e-06,0.007856692,0.0045876764,0.022838881,0.008699693,0.024249677,0.029738031,0.029051583,0.019565387,0.019191474,0.008530736,0.008580752,0.02579428,0.0047113714,0.018236024,0.0134179685,1e-06,0.015520387,0.020885617,0.022884589,0.0036271357,0.017583514,0.015888594,0.0018602632,0.007214348,0.007083243,0.0026273306
d02b4998-d49c-26f7-2d16-dd5aa4a545a2,0.41631007,1e-06,0.2546129,0.0043232557,1e-06,0.012713926,0.0061399797,0.03653469,1e-06,0.0025371057,0.044958957,0.04847556,0.0006676866,0.0042811586,0.05485918,0.013623776,1e-06,0.0007043067,0.03450158,0.031478446,0.0010631065,0.0010820837,0.0007411563,0.0030262922,0.17082508,0.028302137,0.0034422702,0.0007952793,0.008615768,0.010258296,0.016579777,1e-06,0.0294698,1e-06,0.017496416,0.00028377943,0.008609746,1e-06,1e-06,0.0030798202
d04ed447-16aa-89fc-359e-fe30513b9388,1e-06,1e-06,0.24818353,0.17561205,0.36525112,0.14065392,0.009512034,0.06680656,0.12225061,0.014288043,0.058515422,0.08184617,1e-06,1e-06,1e-06,0.4153397,0.13417923,1e-06,0.032624703,0.028834576,0.04181085,0.050035328,0.05288181,0.013108854,0.12640679,0.03944737,0.0005503938,0.0076114447,0.00675386,1e-06,0.025250373,1e-06,0.026126552,0.0029507158,0.017607259,0.016119873,0.020054806,0.076724604,0.07812157,0.0011680218
d130a5c2-5892-d5a3-926a-42669c3d4f82,1e-06,1e-06,0.20843023,0.12917438,0.20616095,0.19863966,1e-06,0.047669105,0.13179046,0.006926203,0.067459024,0.041754477,1e-06,1e-06,0.06586726,0.0047171097,0.02334392,1e-06,0.015023023,0.029511336,0.35279956,0.31912878,0.3099753,0.0077920775,0.021975676,0.032913968,0.000831349,0.07393518,0.0059616845,1e-06,0.023191236,0.0009316715,0.024989773,0.007324488,0.017548952,0.030050464,0.0065776366,0.0113826385,0.01161459,0.0007682539
d15fc66c-ae01-1f28-bb51-976b1be31ffc,0.29756108,0.23263222,0.24438976,0.48138294,0.34733716,0.044111133,0.26684424,0.053826105,0.066571034,0.012286582,0.06476813,0.0718489,0.005610301,0.035307888,0.26537228,0.09977112,0.07366564,0.0048533203,0.0277538,0.03015804,0.019051595,0.0138666835,0.013644421,0.006078991,0.097012505,0.025724286,0.0031640886,0.09452124,0.014505086,0.017236145,0.024357755,1e-06,0.024734318,0.0056702467,0.01761655,0.0043185973,0.0015943539,0.030388983,0.030526675,0.00386977
d17d487f-f2e9-4a50-f604-343b2ffd4ea2,0.3802925,0.19461755,1e-06,0.0042300597,0.17833307,0.0014445361,0.021534672,0.04021976,0.13490011,0.0049404325,0.05443748,0.14078304,0.0017213023,0.001988669,1e-06,0.27444956,0.07211318,0.0020762684,0.011870444,0.031680357,0.0034988832,0.0021356924,0.001682282,0.009549716,1e-06,0.030124748,0.0010046426,0.0016745256,0.00970508,1e-06,0.017271575,0.0005077344,0.02503107,0.0031013493,0.017624138,0.00095912843,0.0020569055,0.032453876,0.031815562,0.0011464274
d2ac5df0-3a67-d0ed-8e36-4c295d66a2b7,0.43732038,1e-06,1e-06,0.13623838,0.097077765,0.19265741,0.010309886,0.055541735,0.06849243,0.0041061845,0.05909008,0.0376969,0.009610639,0.13009682,0.013745882,0.003976917,0.020770356,0.008918653,0.029858166,0.030106736,0.023068145,0.027495887,0.030715503,1e-06,0.011107168,0.026157845,0.010184688,0.0046300315,0.016520955,0.08988156,0.014311912,1e-06,0.026036886,0.0040684855,0.017678555,0.006003116,0.0013811344,0.010423693,0.010051342,0.0075860973
d2e38894-e66a-4af7-e434-0614c5ee39ed,1e-06,1e-06,0.19836819,0.018799653,0.015922457,0.006197258,0.12822598,0.054328006,0.027580557,0.0030134441,0.062833995,0.047929384,0.0016028727,0.11579948,0.011680124,0.0041208453,0.025168523,0.002089567,0.027423345,0.0306499,0.00391697,0.0024611307,0.0022022184,0.00794641,0.017157765,0.023060737,0.009376864,0.0057142433,0.011101143,0.093015686,0.015189764,0.05255156,0.023040896,0.0062670778,0.017612673,0.00094151427,0.0032178664,0.008320133,0.008337571,0.0061119176
d3a01806-0ae9-3089-60b7-f177505d30b0,0.4896709,0.21654391,0.2059469,0.027253985,0.082417004,0.011576833,0.09441194,0.051129047,0.08652946,0.005381048,0.05827961,0.064508066,0.0022273068,0.015686905,0.093881145,0.01949224,0.056582402,0.0022368408,0.019712247,0.02907076,0.004697414,0.0044487016,0.0040348237,0.005472354,0.17662281,0.026310904,0.0010963855,0.021174604,0.01089155,0.007840688,0.026310442,1e-06,0.03210718,0.02368971,0.017665844,0.0010515358,0.010690153,0.026502958,0.025999658,0.0016893084
d454a65f-6444-802b-8e43-49b27d1fc524,0.57438046,0.23957704,0.23303166,0.18025158,0.12004306,0.09167769,0.41870695,0.044640824,0.19634114,0.0058565764,0.059022848,0.06084552,0.9181356,1e-06,0.0605297,0.018040728,0.04512393,0.8387385,0.020728491,0.03072955,0.18492126,0.11825033,0.110738076,0.012583142,0.019572908,0.027553799,0.0009047173,0.051624425,0.00523307,1e-06,0.024499685,1e-06,0.02550767,0.008169594,0.01759752,0.7729529,0.005562218,0.016210703,0.016240457,0.0011688082
d45da074-f833-0ec0-ba66-53a079aae69d,0.47228482,0.24619436,0.21214223,0.0043098894,0.01675971,0.004801198,0.006925207,0.079124056,0.019680649,0.002382581,0.057844352,0.034232188,0.0012559943,0.06359855,0.0036391814,0.0023455657,0.015050658,0.0008084314,0.035419878,0.03196963,0.0024635897,0.0018402206,0.0014589767,0.03838782,0.0053971587,0.024625737,0.015356281,0.0017706786,0.0150403045,0.032458786,0.014266123,0.35616657,0.022359714,0.004150272,0.017630974,0.00061896787,0.0027832915,0.0057528107,0.005590855,0.00697962
d4750880-1ec9-f94e-85a2-139e276ed987,0.57248676,1e-06,0.21152416,0.18061136,0.1047129,0.037229538,0.06764776,0.070751674,0.056681577,0.009709578,0.0508573,0.024410065,0.32840186,1e-06,0.02385475,0.0050845947,0.040781107,0.30529365,0.023981456,0.029540485,0.07303361,0.05002452,0.04369232,0.004885788,0.016125973,0.028266307,0.0024023496,0.055513393,0.0048560007,1e-06,0.018136429,0.0040665385,0.024069374,0.0031518813,0.017612731,0.13143739,0.0077810776,0.009446388,0.009232391,0.0024150705
d4ae9e7d-5966-a304-a14c-db35b0a10383,0.35872337,0.23636012,0.24653147,0.016616613,0.13619602,0.02526832,0.013814934,0.051597018,0.21628481,0.56241965,0.05706932,0.09308271,1e-06,0.012416072,1e-06,0.12236249,0.10248668,1e-06,0.027748872,0.029575557,0.042283457,0.02851291,0.032664906,0.0045770523,1e-06,0.026267657,0.0006515397,0.003447566,0.011809297,0.009263473,0.02501337,1e-06,0.02444948,1e-06,0.017577106,0.0024347664,0.0040289997,0.012553316,0.012332065,0.00097329216
d4ddaa8d-a864-ca70-a56d-e04e60583540,0.33818236,0.4239006,0.23589641,0.01719998,0.03223628,0.001564205,0.033058364,0.08422711,0.024551192,0.003995024,0.05842443,0.040754456,0.0006360339,0.018901106,0.017587323,0.005246315,0.018236503,0.00045064272,0.029900359,0.030127294,0.002379344,0.0027264233,0.0023900806,0.0076338174,0.023017615,0.029118033,0.018998852,0.01424099,0.014434503,0.02239481,0.029187914,0.01270516,0.02328388,0.0077198055,0.017602501,0.00055822486,0.011556101,0.010804587,0.010843077,0.005616108
d52a9bc6-6c21-f418-9f28-cf23d243fc3e,0.56312084,0.26257208,0.22293289,0.0019942021,0.015356694,0.0029883585,0.11209478,0.060887378,0.033108454,0.004172765,0.062318463,0.02902115,0.001280217,0.09675188,0.015588886,0.0070475144,0.02292513,0.0008045044,0.02592409,0.031302355,0.0031603687,0.0025275701,0.0016456086,0.010298722,0.006067965,0.024318049,0.003465216,0.038305167,0.010755899,0.044375744,0.018910328,0.027813347,0.025180064,0.004667169,0.017549679,0.0014820802,0.0017353772,0.006126561,0.006033786,0.0030709563
d52b7361-7024-2cbd-506d-74020eee4202,1e-06,0.24372874,0.26244736,0.0065825433,0.005526992,0.0038174135,0.0012341836,0.038152408,0.010576702,0.0034457075,0.06602812,0.035658136,0.0001595376,0.036627572,0.0047376626,0.0010018133,0.007994919,0.00024419403,0.020371135,0.031175721,0.00053991517,0.00037920292,0.00030221834,0.0016910222,0.0037204933,0.017676547,0.7852429,0.0003077562,1e-06,0.03595635,0.021672936,0.17279166,0.0223928,0.017370831,0.01773392,0.00011238708,0.000989058,0.0014557377,0.0014775656,0.070043564
d55efce3-1a5d-c125-dbc8-2ffaec91d14e,1e-06,0.30491978,1e-06,0.005989143,0.029309306,0.009803503,0.010853043,0.07861973,0.01119601,0.002642957,0.06359724,0.047366157,0.0020585738,0.043516945,0.005164088,0.0040061683,0.013106146,0.0022489089,0.04732271,0.03132573,0.0037929793,0.0025829251,0.0021989383,0.0029476224,0.005007561,0.021271134,0.017031908,0.0012076584,0.012026707,0.04781705,0.015199388,0.035205733,0.02865139,0.021720605,0.017761936,0.0008466667,0.0019745643,0.0152270915,0.014997608,0.0073585897
d56d7436-fd92-fdba-6581-095c8a398c55,0.26539186,0.22650209,0.20226939,0.0065920926,1e-06,0.004132316,0.0059674964,0.07141171,0.089939676,0.0035317552,0.052380733,0.10158315,0.0017562994,0.0045462362,1e-06,0.16393335,1e-06,0.003025765,0.036226172,0.029633572,0.00081004127,0.00055206165,0.0005020438,0.012619499,0.039676514,0.027294137,0.0010784379,0.0013655535,0.0035177825,0.0048245178,0.029952722,1e-06,0.03306728,0.0057833246,0.017516747,0.00079816335,0.008052655,0.020056952,0.019575372,0.0018224929
d5bf136f-3183-96b3-6c3d-178d154ddeda,1e-06,0.12588236,0.21897869,0.3550106,0.25787455,0.5841423,0.08111583,0.0635897,1e-06,0.010838856,0.06969311,1e-06,0.0028975871,0.012770923,0.15243797,0.026704663,0.046921752,0.003258923,0.02313587,0.029143598,0.012950476,0.013129409,0.01417203,0.0040953914,0.11552896,0.032630086,0.001943951,0.07435449,0.0120362295,0.0108050825,0.031266503,1e-06,0.024873404,0.012887353,0.017557563,0.00263963,0.008180784,0.029226918,0.029142197,0.0016650829
d6171bec-1b35-e080-0d0c-33f928c4b040,0.80407435,0.31015095,0.22983809,0.013726405,0.03462577,0.0047337003,0.10842311,0.049638234,0.04610662,0.0009955211,0.06251697,0.047512837,0.0057576215,1e-06,0.022026833,0.0073103094,0.028015282,0.004695258,0.019054033,0.03095593,0.012415537,0.008298405,0.007838281,0.0041443305,0.008789731,0.02314321,0.00122968,0.006747335,0.014873002,1e-06,0.016577475,1e-06,0.023830328,0.009072653,0.017606093,0.005780585,0.0049298573,0.03508324,0.035731502,0.0013727888
d619e82b-87f7-59cd-83bd-29d998dde81d,0.6892246,1e-06,0.20988028,0.021770459,0.03911913,0.003051917,0.008191783,0.050075397,0.04027462,0.0014307135,0.06524199,0.042476777,0.00059044646,1e-06,0.010900677,0.002259489,0.017959274,0.00084654934,0.019565519,0.030410573,0.0013693844,0.00083720894,0.0005683964,0.009212002,0.005488528,0.022784235,0.01143125,0.0033114254,0.033751223,1e-06,0.013751413,0.008901764,0.01786103,0.0053876103,0.017593121,0.00035963336,0.0024314506,0.007983391,0.007899887,0.007593525
d624f441-2bcb-b258-6dd0-4b0f5cab367c,1e-06,0.18576072,0.28839892,0.0046678735,0.0061231926,0.0004118002,0.0014827992,0.0354067,0.006011797,0.002482719,0.060484905,0.03130552,0.00013229356,0.0369518,0.0035258657,0.0009271707,0.0077274153,0.00013958965,0.019142887,0.031537086,0.0005010456,0.00037648075,0.00033843203,0.0037545771,0.0032166506,0.01868403,1e-06,0.00018696123,0.0041677263,0.03640574,0.01675466,0.21419738,0.022194885,0.0069839256,0.017685845,8.988659e-05,0.0008961111,0.0013332438,0.0013533998,0.16288297
d6842ffc-92bb-8c2c-59ea-336db5ec16e5,0.35929942,0.23999245,0.24849264,0.041648842,0.064371355,0.012552721,0.13587755,0.061603326,0.043186918,0.0056335623,0.061624378,0.022915557,0.006478964,0.06781731,0.012643403,0.0030411207,0.019326052,0.0033098785,1e-06,0.030303229,0.03193132,0.021389376,0.01860159,0.0075256308,0.011257326,0.024303854,0.015875967,0.050615773,0.013251416,1e-06,1e-06,0.0046963147,0.017964046,0.005571758,0.017607901,0.0071810177,0.012362499,0.0083234375,0.008367044,0.0044078827
d765e4cc-c7ee-ea5e-13b3-bdb028718f85,0.5412019,0.39948523,1e-06,0.027105568,1e-06,0.24468921,0.010614232,0.079052284,1e-06,0.021133514,1e-06,0.064128906,0.0011436838,1e-06,0.098511115,0.007731322,0.08326497,0.0017754156,0.02740102,0.02995183,0.0015290892,0.0011942607,0.0010616647,0.009183383,0.119717486,0.025836958,0.0012901747,0.004406601,0.0038744616,1e-06,0.020107593,1e-06,0.025157414,0.007984769,0.017536934,0.0002649463,0.0043116836,1e-06,1e-06,0.0019373379
d76a5009-afb2-63eb-4161-006a2c9332d2,1e-06,1e-06,1e-06,0.15277357,0.1169525,0.0032623813,0.057894133,0.05197807,0.049409147,0.40841532,0.052267052,0.051039793,0.00051263324,0.026519319,0.051112898,0.010883969,0.048242386,0.0005519592,0.024387684,0.03022901,0.0019960888,0.0016915989,0.0011079713,0.00534538,1e-06,0.030034482,0.0038680003,0.010256869,0.00697108,0.014641244,0.012083754,1e-06,0.026384048,0.0054197623,0.017526235,0.0002683299,0.006116256,1e-06,1e-06,0.0042899563
d84ad957-904f-e440-6aec-201073c2dd17,0.66786385,0.110663295,0.17414026,0.009452942,0.065441474,0.002322173,1e-06,0.048500724,0.037846725,0.003092715,0.06775965,0.042430867,0.00021466719,1e-06,0.07655593,0.010525997,0.0515009,0.00023154748,0.024610206,0.031513587,0.00050903135,0.00041978678,0.00029938007,0.005556018,0.02083045,0.03184353,0.0011646267,1e-06,0.011400746,0.008989716,0.016111463,1e-06,0.024626184,0.008055816,0.017558116,0.00038621234,0.008782093,0.023296578,0.023991589,0.0013666176
d8901b65-a21a-80f2-1507-34893e1e9393,1e-06,0.2712374,0.23960039,0.0010112447,0.009282007,0.002263955,0.0025760306,0.058061477,0.015345836,0.0015108166,0.05484817,0.028613659,0.00055610854,0.05048862,0.0046244883,0.0025654777,0.01802243,0.00040622585,0.02137705,0.031387307,0.0006579772,0.00048225885,0.00039795166,0.0065212045,0.0043394025,0.021872694,0.029485773,0.0007913457,0.006658582,0.044572264,0.016194725,0.017478915,0.021567615,0.003919417,0.017545559,0.00044126555,0.0005220899,0.003266843,0.0032854227,0.0048242323
d8a851cf-a48c-0500-ad9b-c67f5b51d004,1e-06,1e-06,0.21279502,0.18903255,0.11648922,0.015387395,1e-06,0.066263005,0.054567825,0.17062046,0.06255046,0.117661275,0.0026441393,0.04447505,0.1425486,0.028254678,0.055486444,0.002998602,0.03928614,0.03086149,0.010920529,0.006677612,0.0047623357,0.010495938,0.071459144,0.033001028,0.0037859895,0.74399805,0.034690272,1e-06,0.018321766,1e-06,0.028104827,0.0042356886,0.017585337,0.0063213953,0.0075902645,0.05088571,0.053947244,0.0034858973
d9050b95-e5bc-5306-3420-adaedc23778d,0.46070242,1e-06,0.2331376,0.047448035,0.16992669,0.48162818,0.021756565,0.06522437,1e-06,0.013481053,0.053338207,0.07984111,0.0027222757,0.017051922,1e-06,0.2984446,0.05572642,0.0025566928,0.034659583,0.029470615,0.008155129,0.009217671,0.005519683,0.007473794,0.11011495,0.03005368,0.0048082075,0.014458387,0.005834183,0.018955404,0.020208914,0.010866555,0.027113255,0.002180463,0.017621351,0.0016100524,0.004194995,0.0153782265,0.015185218,0.0032873806
d9245904-7128-3bd6-5257-a0a379cf4cbf,1e-06,0.1886161,1e-06,0.5135565,0.3215111,0.02983501,0.104446724,0.047395047,0.08963874,0.020606609,0.04644646,0.05715764,0.029579416,1e-06,0.13435559,0.046652842,1e-06,0.041588597,0.026464583,0.03089886,0.028128242,0.021062585,0.022536172,0.0041780337,0.4149479,0.029039657,0.0012091018,0.03454829,0.0049177594,1e-06,0.020505235,0.00077399536,0.025732256,0.0051593296,0.017537996,0.01696641,0.011781833,1e-06,1e-06,0.0019135579
d98067ee-3d2b-315d-cca8-2dfb6ef428ed,0.3393498,1e-06,0.20306757,0.18697383,0.053035267,0.24663734,0.02951347,0.05874422,0.13222548,0.0047676344,0.07279715,0.05169835,0.01140262,0.095459305,0.016376287,0.0057403324,0.028452227,0.007993628,0.023528436,0.02984602,0.022833688,0.022563612,0.020476758,0.015217262,0.018109139,0.026905084,0.005519024,0.024305467,0.008373973,0.06401192,0.017183088,0.27956975,0.02081428,0.011507938,0.017648509,0.009126165,0.002891963,0.013870576,0.013680351,0.0040751584
d9aa58d1-cb02-24c1-30bf-26713a1d206e,0.5866389,0.3530976,1e-06,0.29401204,0.18939716,0.036845494,0.27687892,0.054224595,0.23148122,0.012089169,0.06784635,0.07125992,0.7625679,1e-06,0.06875572,0.0074928114,0.032990526,0.55151755,0.019494168,0.02933936,0.073998675,0.06837121,0.058008183,0.00478007,0.023549054,0.025543043,0.00082035945,0.075841606,0.014625116,1e-06,0.015580416,1e-06,0.022358844,0.0066272607,0.01751733,0.537262,0.013421598,0.015653662,0.015622791,0.0015316771
da16b3b2-313a-7f0d-cb42-39387a0902a4,1e-06,1e-06,0.22461712,0.07549535,1e-06,0.7306461,0.034923114,0.06096111,1e-06,0.010144937,0.04523705,0.07450731,0.0060878475,1e-06,0.105973035,0.022416232,0.0472362,0.007886818,0.02910562,0.02911608,0.0114633385,0.008241765,0.008104827,0.002996704,0.07054504,0.03454568,0.002139356,0.0064569544,0.005522947,1e-06,0.019371737,0.0014948426,0.021686615,0.0043246737,0.017523656,0.0035895323,0.0035019505,0.015423463,0.015224475,0.0017502595
da3115f6-29b5-6f74-5846-cc5c0d494fb9,0.23897311,0.20317827,0.22442769,0.4498824,0.2398299,0.029338742,0.11405729,0.043608285,0.04791866,0.019339403,0.050638184,0.04204738,0.006214495,0.041789263,0.15176447,0.01765661,0.041726805,0.0058800955,0.029102143,0.028970633,0.053654682,0.04302729,0.047468532,1e-06,0.15490481,0.027439877,0.00304954,0.06917909,0.0109592825,0.0160848,0.018996617,1e-06,0.02713372,0.0025586647,0.017568462,0.0047657727,0.0021000796,0.011324995,0.011230566,0.0029862095
da792a29-135b-8b1f-df98-11840b2a7d34,0.47795984,0.28029522,1e-06,0.005823726,0.11940399,0.0021258013,0.018949868,1e-06,0.057568796,0.0041209296,0.055245355,0.046983548,0.004313076,0.017195515,0.05809021,0.020551432,0.058487058,0.0022562824,0.045453224,0.030529495,0.005289196,0.005932615,0.0042002783,0.010206882,0.03142401,0.027011452,0.002355541,0.0027110812,0.0046508852,0.0114275515,0.016570177,1e-06,0.024874665,0.0074659376,0.017621417,0.0025667802,0.0014311355,0.030001307,0.029908253,0.0022197922
db062738-3a82-f59d-c4a2-7d6f241f341f,0.42105803,1e-06,0.24441575,0.0016032497,0.014206208,0.0029048757,0.0074404227,0.060941365,0.014394266,0.0042016623,0.051717672,0.057098057,0.0010397636,0.014799026,0.009197435,0.003324159,0.0128621375,0.0012263067,0.029654773,0.03032569,0.0009371476,0.0005984644,0.0004088848,0.0046367664,0.006157848,0.025367286,0.47190213,0.002052303,0.004615922,0.018210875,0.01525455,0.016322156,0.021342203,0.0045692483,0.017632155,0.00037402622,0.00090254645,0.0032124957,0.0032868143,0.010896278
dba86559-f082-5905-b4d5-39124bebf19a,0.56572455,1e-06,0.26631576,0.0025675385,0.008568134,0.002255509,0.010285662,0.07352613,0.011276865,0.0016273424,0.06892668,0.03234886,0.0008710077,0.06744718,0.007524935,0.0010707953,0.022191875,0.0006235421,0.03851268,0.030308321,0.0014245572,0.0009663584,0.0007038857,0.011234995,0.006762697,0.025811784,0.030191213,0.004373461,0.004257028,0.023848549,0.012012707,0.060831238,0.024050897,0.0050917007,0.01783119,0.0004249126,0.0022642477,0.004675227,0.00476593,0.004590563
dc4d40e7-48f5-9c39-b277-829c104dcd1a,1e-06,0.34504917,0.22778954,0.14247246,0.05134958,0.010619581,0.1680244,0.059386928,0.049870525,0.009465233,0.064455695,0.030956913,0.019141642,0.04362556,0.04556984,0.005849843,0.04535079,0.009012783,0.025804417,0.030740343,0.04489068,0.04421093,0.038643476,0.009138202,0.021759218,0.024802152,0.006581656,0.02706133,0.0055689528,1e-06,0.020155184,0.005449099,0.022165366,0.003210433,0.017560055,0.020829713,0.010536944,0.012981659,0.013177482,0.0035225605
dc54f75a-6430-4371-d353-0c34923c9a27,1e-06,0.23584329,0.22560976,0.094840854,0.1462448,0.008983359,0.15914904,0.062389642,0.05112147,0.4617068,0.05969595,0.07206614,0.0035762563,0.03988716,0.08976102,0.007324991,0.024308247,0.004719309,0.025997318,0.030076474,0.00808053,0.005459969,0.004423942,0.0061522517,0.022234697,0.028668672,0.0033603387,0.06247572,0.0068731937,0.013854237,0.027674433,1e-06,0.022479882,0.013032757,0.017569909,0.0031206615,0.0026262016,0.009850244,0.009926401,0.002154291
dc58c60e-5862-4a0a-cd41-cbcbd18bb2dc,0.49269977,1e-06,1e-06,0.093019515,0.08902401,0.0060693077,0.14075144,0.049778584,0.13455597,0.5420584,0.05921016,0.043990605,0.08815934,1e-06,0.045047473,0.0063529173,0.048346937,0.032223526,0.020687226,0.030038206,0.0133050345,0.0112672895,0.010140688,0.0077545163,0.043443996,0.028759867,0.0016368375,0.024518479,0.011376357,1e-06,0.01260529,0.001490579,0.021991314,0.003210187,0.01751588,0.021483999,0.008413865,1e-06,1e-06,0.0025765
dd2c4f7b-6827-611c-97b7-807e826d7871,0.58568513,0.30919993,0.25096583,0.0033384094,0.012576352,0.0011136996,0.0044892174,0.067280516,0.0082099205,0.0018296463,0.06120621,0.02273747,0.00058425544,0.08095359,0.0063737417,0.00093300676,0.011356722,0.00059061893,0.020587325,0.030407568,0.0015151837,0.0009412727,0.0008453653,0.0032832983,0.005763547,0.021551982,0.31079662,0.0007009659,0.012121563,0.056275122,0.015008799,0.027451562,0.01947767,0.007169927,0.017670263,0.00031374913,0.0017639138,0.0046533495,0.004604105,0.010258319
dd8edf4e-9105-b97c-9d13-dae8e3ada523,0.518979,1e-06,0.18978168,0.1079286,0.10736426,0.12422565,0.025603516,0.07443497,0.017341064,0.008712172,0.061113875,0.026137387,0.0104998695,0.13037756,0.013813631,0.004795667,0.019341614,0.00672838,0.040631447,1e-06,0.030362338,0.022052372,0.020895047,0.0047425595,0.012591761,0.025047673,0.009414401,0.006395567,0.043172896,0.046391625,0.016759975,0.0166437,0.022636073,0.018343074,0.017797092,0.00289109,0.0032768862,0.011741057,0.011393539,0.0070068287
de39bc12-e63d-df5b-4d3e-4b098705caed,0.38221568,0.21949665,0.21417448,0.17853159,1e-06,0.04330994,1e-06,0.04917919,0.10964055,0.005589594,0.063237555,0.040804617,0.0035250876,0.020028636,0.08495467,0.019401567,0.062417913,0.00213833,0.03509415,0.030627381,0.01014537,0.007517425,0.0070298905,0.0075619523,0.056530133,0.030196665,0.0027575498,0.053805154,0.018229581,0.012865688,0.028811712,1e-06,1e-06,0.012133393,0.01758936,0.004324676,0.0060589174,0.030748457,0.031358287,0.0031580015
de66e7c6-8be3-7d9f-e64e-e3403ac78033,0.36573642,1e-06,1e-06,0.0033797517,0.006675775,0.001373873,0.002490322,1e-06,0.01489962,0.003580966,0.05731793,0.04431523,0.0002789971,0.010758576,0.007912751,0.0020672737,0.011719486,0.00026399415,0.015984904,0.030726992,0.00088504126,0.00062815816,0.00053570187,0.0038551202,0.0061521144,0.020850793,0.22378233,0.00033845194,0.0072196717,0.019566784,0.015096025,0.038043965,0.021977035,0.0168627,0.017690992,0.00019098891,0.0012428365,0.0021515472,0.0021214893,0.011040741
de713898-01c1-58d6-4ab9-11d0337a59f7,1e-06,0.4510668,0.25636643,0.021547014,0.0339908,0.0028878818,0.0513646,0.055835903,0.045488432,0.005122857,0.069990985,0.04146457,0.0014845442,0.008416899,0.022375183,0.011220652,0.030733844,0.0015954016,0.021590669,0.030444717,0.0022522213,0.0014363064,0.001375764,0.0075197,0.018644568,0.027451584,0.0031332064,0.011571741,0.005695261,1e-06,0.018710716,1e-06,0.020739881,0.003950723,0.017625775,0.00078856444,0.0029312142,0.023927933,0.0245502,0.0018659584
deb82a8b-5bc6-f9b7-9714-25343833d8bc,1e-06,0.28239983,0.1999106,0.045179803,0.15039283,0.0037694839,1e-06,0.04739004,0.08456719,0.38605705,0.05532403,0.0743179,0.0015286474,0.005589296,0.1460158,0.02326168,0.09110473,0.0027842806,0.025129387,0.029705668,0.0015419039,0.0012351294,0.0009798976,0.015172523,1e-06,0.029667525,0.00080846966,0.021934943,0.0069923834,1e-06,0.03290503,0.00046856937,0.025503563,0.0046178126,0.017506147,0.001776169,0.01697735,0.0046655303,0.0046442463,0.001766071
dec4c797-78b2-812c-91da-165fde2acb01,1e-06,0.26292083,0.22098789,0.0320025,0.04245217,0.007980205,0.02449177,0.06138574,0.035405558,0.004673929,0.04977113,0.052097596,0.0011225538,0.03567563,0.085042424,0.010689514,0.055271238,0.0018933482,0.03612133,0.030535558,0.002685762,0.0021971643,0.002021151,0.011417908,0.021380492,0.031013863,0.004243639,0.012157982,0.0021354903,0.012195826,0.02443636,1e-06,0.024360973,0.011641659,0.017609106,0.0007226123,0.0015128194,0.008772885,0.008618447,0.0025159204
dedd5667-b0fe-bf46-2c2a-2dc7f07e57b5,1e-06,1e-06,0.24297063,0.37993404,0.20871359,0.08600958,0.08489321,0.053000905,0.11696051,0.019961717,0.04794991,0.027805164,0.14225824,0.06387929,0.0340915,0.0074602757,0.04436827,0.100916184,0.019527657,0.029255148,0.15311286,0.17310768,0.17293744,1e-06,0.031364314,0.02345194,0.0012159608,0.03152912,0.007343035,0.020927679,0.017733738,1e-06,0.02386725,0.0030054697,0.01751576,0.0183082,0.0014642313,0.02608214,0.026035756,0.0016140447
df07c2e3-f9a9-b368-3bf1-b521663b055b,1e-06,0.27912104,0.23475428,0.005124222,0.053115375,0.0059649176,0.038543273,0.052112747,0.055419166,0.003689261,0.054112174,0.04616867,0.0039648768,1e-06,0.044588577,0.010880642,0.049043242,0.0024288855,0.026618563,0.03027676,0.0018230818,0.0011072167,0.001011918,0.011939456,0.017283944,0.026211482,0.0039892113,0.007150085,0.010220283,1e-06,0.022979232,0.003999595,0.025912257,0.004439753,0.017582487,0.0029270067,0.0047680354,0.015685529,0.015846172,0.0018644263
df84318d-7420-5f96-1174-722795045c4f,1e-06,1e-06,0.20156072,0.038890954,0.046839368,0.015580438,0.05449776,0.06845193,0.07177484,0.0068045524,0.054400396,0.06772519,0.008209415,1e-06,0.010522363,0.0056219758,0.026218196,0.0026709924,0.03356573,1e-06,0.018352104,0.022710366,0.015119747,0.019185029,0.0069120796,0.02193156,0.0053396393,0.01732087,0.01835137,0.037324745,0.012465594,1e-06,0.01854506,0.004500016,0.017595517,0.0066384072,0.0045507536,0.0067048003,0.0066362987,0.003339031
dfad1eca-b35d-480c-1b33-9a8b19ba6d95,1e-06,1e-06,0.23335192,0.0062720724,1e-06,0.0007273889,0.00492691,0.06537286,0.05057125,0.0065921075,0.049161132,0.095421344,0.0003036885,1e-06,1e-06,0.13507557,1e-06,0.0004690368,0.04289051,0.030173605,0.00054981816,0.00043383756,0.0002898714,0.007891287,0.08119918,0.040127825,0.0019909688,0.0008276299,0.0029286514,1e-06,0.019954626,1e-06,0.02401594,0.0060896724,0.017501516,0.0001409149,0.007216614,1e-06,1e-06,0.002877843
dfd2cc2e-1f6a-80f1-7755-c8e6e5d2ba2f,0.55640227,0.15230016,1e-06,0.04473521,1e-06,0.10700979,0.013161689,0.069595985,1e-06,0.0032050195,0.055388972,0.061804645,0.0016252517,1e-06,0.12123369,0.024829036,0.04044706,0.0023475075,0.035720475,0.030132838,0.002660155,0.0024314714,0.001910429,0.01801615,0.07227992,0.032256298,0.0013097053,0.0021335168,0.013048935,1e-06,0.020552538,1e-06,0.034187675,0.0079124635,1e-06,0.00060431927,0.0030143803,1e-06,1e-06,0.001724597
dfdf27e3-653a-7182-06e5-d81547d96579,1e-06,0.24266504,0.20077808,0.0055086864,0.0133893825,0.003145738,0.068405524,0.07116909,0.01951466,0.0035097036,0.06643537,0.055532962,0.0008726052,0.21192272,0.014194233,0.0044297157,0.022230798,0.0006859803,0.02513977,0.030822484,0.0069894427,0.004783288,0.0040242574,0.028010273,0.0071742632,0.027632823,0.0231793,0.021024927,0.010694692,0.1095852,0.016780494,1e-06,0.020865798,0.003993277,0.017661149,0.0010235019,0.0023757808,0.0036177211,0.0035329459,0.005665085
e014fa62-cfc7-20ea-3c7d-fb0e39054d8f,0.6250297,0.14417934,0.26080662,0.004236921,0.0073503377,0.0018846497,0.013873937,0.06928191,0.011135209,0.0024208527,0.06347642,0.043544255,0.00039379264,0.073227935,0.012562168,0.0021594735,0.023667483,0.00039799465,0.029353807,0.029868351,0.0069932737,0.0059338673,0.0058950535,0.00837328,0.0046182116,0.022830391,0.38845357,0.002377406,0.018099427,0.053629406,0.017076928,1e-06,0.019557942,0.006946518,0.017630232,0.00026888182,0.0019341772,0.0031739585,0.003157007,0.0295837
e01a35ad-072a-9cb6-5dad-55ff5a28c9a1,0.49764022,0.33782396,0.2297682,0.083171174,0.12534548,0.3180699,0.017781658,0.050850134,1e-06,0.0026450723,0.059464693,0.03418738,0.0272404,1e-06,0.009456983,0.0036443458,0.03305511,0.0285174,0.024428653,0.029925259,0.006988494,0.0053048776,0.004645502,0.008424107,0.01015748,0.023669593,0.003685192,0.0050729155,0.0073707458,1e-06,0.016454192,0.0065973997,0.023235524,0.004623253,0.017572979,0.012320241,0.0021675867,0.0082026655,0.007874538,0.0029287767
e01d5fa2-e2eb-f23c-2de0-6a5c0d44a7ac,0.5737711,0.24861428,0.26638004,0.00096294575,0.002433716,0.0020822086,0.0019522748,0.06887228,0.018575413,0.0020715506,0.07647395,0.020703493,0.0004194957,0.030688332,0.0030489853,0.0011494424,0.010210318,0.00039920025,0.0172694,0.030305237,0.001277577,0.0010257746,0.0008089686,0.0038007211,0.002412114,0.020382034,0.02029909,0.000576888,0.003211573,0.04792979,0.020838909,1e-06,0.024243023,0.0068477816,0.017722873,0.00029705014,0.0010431788,0.0019514929,0.0019338536,0.005355925
e05609f1-2c1d-bd65-7578-c5bd3b7a93eb,0.35804227,0.3321661,0.18761392,0.11455176,0.07801303,0.06718478,0.06600415,0.062196203,0.14498442,0.009918483,0.059683703,0.019951718,0.30454126,0.15109561,0.02338652,0.0037866817,0.027592542,0.14022692,0.029433532,0.028771482,0.14714743,0.17758557,0.17498724,0.019784955,0.025663575,0.027382448,0.001017692,0.103338666,0.015719643,0.01649846,0.017455295,1e-06,0.02262556,0.0033300677,0.017589636,0.08437706,0.020523759,0.024446867,0.023980334,0.0016154556
e09af5fe-01f1-8023-149f-140b8d028c86,0.39548877,0.32319137,0.26007748,0.0016905132,0.007705054,0.002302793,0.0025660433,0.0641403,0.012469421,0.0016248409,0.05827965,1e-06,0.00031931628,0.03820192,0.0048786076,0.0022036664,0.011797906,0.0002488628,0.021814873,0.030546172,0.0011681966,0.0009313306,0.0007154196,0.0038139108,0.004829823,0.02200607,0.54270834,0.0012180436,0.012298695,0.036090672,0.014813476,0.0338817,0.022977347,0.005492733,0.017655723,0.00022614856,0.001043537,0.0035385261,0.003550445,0.015638018
e0b70fb9-26b4-ba69-9f3c-79b1c100f6f4,0.34522414,0.15980017,1e-06,0.0047682435,1e-06,0.0038953943,1e-06,0.07459624,0.08781432,0.0055586766,0.05480602,0.048911717,0.0014855588,1e-06,0.04091386,0.032131612,1e-06,0.0018531596,0.023808708,0.029190281,0.0008281762,0.00064572826,0.0004899482,0.007418352,0.022766635,0.028470615,0.00060528994,1e-06,0.006653187,1e-06,0.030202288,1e-06,1e-06,0.00838018,0.01750201,0.0005759743,0.011240373,0.014895909,0.014600806,0.0009732782
e0b81f75-6315-842d-8d31-a191df7c5bf1,0.3572989,0.22986247,0.24133162,0.009780226,0.1920553,0.0031470924,0.013549866,0.066378914,0.17224827,0.004439034,0.05563564,0.031468526,0.0018685258,0.0040455763,0.06734291,0.017712198,0.04804719,0.0019486597,0.024503324,0.029035963,0.0021884842,0.0017971453,0.0016358745,0.004398275,0.1506846,0.027594935,0.0011322855,0.0016542732,0.011201059,1e-06,0.03248966,1e-06,0.028495817,0.0041826116,0.017609574,0.0012235115,0.018600782,0.033016358,0.03284294,0.0011377584
e18687db-4efb-ce7a-ea0b-f2c911d77946,1e-06,0.16329077,0.20335889,0.16560042,0.23914185,0.94844645,0.2132311,0.07717033,1e-06,0.0074864826,0.059175782,0.07302223,0.006227417,0.023548173,0.120967396,0.039144985,0.041464917,0.009062264,0.032013614,0.029603373,0.02233547,0.031782135,0.031539448,0.0046457695,0.04573105,0.030993272,0.0013086417,0.08790419,0.013274743,0.015256258,0.029733917,1e-06,0.027341377,0.005552302,0.017596193,0.0035719355,0.004726148,0.06360561,0.06401005,0.0016310199
e1875ec6-e10f-c9d8-d388-fd3abfbc4a87,1e-06,0.09940204,0.23009004,1e-06,0.042473596,0.006025871,0.045895275,0.04322449,0.16167702,0.0037325933,0.056606606,0.026666308,1e-06,0.002846989,0.086856686,0.0033070894,0.032765463,1e-06,0.011517692,0.029312788,0.43252382,0.37003848,0.31458297,0.0013025369,0.03424321,0.024697525,0.00019554554,0.0022363563,0.0074254344,1e-06,0.017579662,0.00017990699,0.025960186,1e-06,0.017470984,0.14623494,0.0018434568,0.009542875,0.009513892,0.00042425634
e1e85c51-3926-c2e2-3e79-e61d8d367415,0.51495147,1e-06,1e-06,0.008914514,0.021225939,0.0027933216,0.1142371,0.06425844,0.033195313,0.004539303,0.06310304,0.025493765,0.0016429456,1e-06,0.00611371,0.0024754491,0.028390964,0.0013196031,0.018979048,0.0297094,0.0031823553,0.0031581048,0.0027483206,0.01778652,0.0056055896,0.025494713,0.018281363,0.008659969,0.012232641,1e-06,0.01613022,0.024074558,0.022001792,0.003848201,0.01757029,0.0018846511,0.00675563,0.016020317,0.015877763,0.008242752
e2325016-2063-a85f-0015-29d3ae7b7c5e,1e-06,0.21477003,0.2584841,0.0033176292,0.010774653,0.00248752,0.007938729,0.06034865,0.021547943,0.001552524,0.056048013,0.02080732,0.0013279739,0.15606256,0.006808339,0.0026374597,0.022427559,0.0008925143,0.018371755,0.03071847,0.003322941,0.0022580991,0.002172988,0.0068675494,0.003186479,0.023047866,0.008573325,0.001874438,0.012570222,0.073122025,0.014028722,1e-06,0.022271497,0.004397578,0.01760119,0.0014652888,0.0020329985,0.0055708988,0.0055428455,0.0034204249
e24b3035-68da-2f37-97b8-e3eb90609b61,1e-06,0.38490447,0.21382487,0.012524211,0.032972652,0.010724289,0.08892844,0.06418094,0.056223247,0.003457182,0.0567676,0.04252412,0.002304473,1e-06,0.014418442,0.0038189932,0.029105166,0.003138053,0.031739566,0.0301243,0.0028410708,0.0017963939,0.0015733566,0.016360957,0.01000889,0.023288628,0.0024821456,0.008234144,0.0060827006,1e-06,0.018385405,0.0033709009,0.024375137,0.0088250255,0.017588774,0.0015116783,0.0046886643,0.0074585415,0.0073799854,0.0017734395
e27d6ec0-2aeb-447f-eae2-c167e68b7f07,1e-06,0.20076229,1e-06,0.019356448,0.042585403,0.0028543693,0.038709838,0.081268765,0.029087387,0.0043529314,0.054887813,0.038711987,0.009216364,1e-06,0.029543035,0.009182351,0.028370718,0.00824686,0.018538954,0.030160304,0.0027817355,0.0028286632,0.002359449,0.011415825,0.007964337,0.025148278,0.0095280325,0.0076244855,0.0058212983,1e-06,0.021000732,0.0070912936,0.02325667,0.0034489806,0.017581558,0.0046515986,0.0039929287,0.013707924,0.01373839,0.0035622108
e29b221d-39da-889a-837c-351b613af935,0.4006814,0.35307908,0.21688734,0.0051110284,0.08958349,0.0029046503,0.011121991,0.057712335,0.032028735,0.0042382535,0.06722643,0.04891249,0.0010734985,0.016919388,0.04486796,0.040182915,0.0642999,0.00071988977,0.024705794,0.029950853,0.0023815006,0.0019289939,0.0015305413,0.0070425896,0.023630198,0.024786549,0.0035725464,0.0029341383,0.0039774613,0.019404791,0.027464064,0.027174722,0.02865409,0.006093188,0.017713077,0.0012372133,0.001198473,0.013309135,0.012971872,0.0023757918
e2af68ff-d601-e069-67c9-e9c2c56277ad,0.2567796,1e-06,0.22532393,0.0021073592,1e-06,0.086896375,0.0038207246,0.045546394,1e-06,0.007243224,0.058192376,0.05091343,1e-06,1e-06,0.12342989,0.013002936,0.06568709,1e-06,0.049863216,0.028876998,0.0018270699,0.0015898987,0.0012544689,0.0074480237,1e-06,0.030836541,0.00071619434,0.00073264603,0.0044886554,0.0023044255,0.019338494,0.00066236744,0.028020237,0.0063095763,0.017585585,0.0006047221,0.0036088373,0.006274293,0.006058176,0.0011091031
e346f117-03c8-5a35-69b7-58c5f0e54bdc,0.65985423,0.22077733,1e-06,0.016502427,0.27300543,0.0044437964,0.0050212573,0.055394948,0.117410265,0.0041425484,0.049335506,0.043638352,0.0008888886,1e-06,0.10106756,0.045539893,1e-06,0.0012545914,0.021471886,0.029464861,0.00090883166,0.0007629186,0.0006285437,0.0071887528,0.031378288,1e-06,0.0011966828,0.0014662077,0.0047289776,1e-06,0.026301932,1e-06,0.025085833,0.0054901578,0.017451521,0.00033940218,0.007407553,0.024637662,0.024294468,0.0018025228
e3499a03-c095-c3aa-3d84-9737b3119a40,0.51073116,0.2856827,0.21968053,0.0092739845,0.022294028,0.0013536775,0.0066372296,0.070054404,0.007553046,0.0020352544,0.054712716,0.038102053,0.00095628796,0.06768686,0.013975401,0.005018947,0.015839387,0.0005930001,0.02817997,0.03092059,0.002516775,0.0019891902,0.0018088548,0.015556575,0.007872015,0.021113394,0.035474334,0.0018143697,0.024853854,0.04497198,0.015723465,1e-06,0.024251835,0.007968495,0.017665341,0.00066023204,0.016523372,0.0066268593,0.006434261,0.009199159
e372f90b-7be3-b19e-faaf-dc601db02102,0.49648333,1e-06,1e-06,0.0011866477,0.009948188,0.0008554589,0.002810004,0.060191214,0.011336683,0.0027228692,0.06751921,0.030216387,0.00022998024,0.058280084,0.0052916086,0.0016867707,0.013387142,0.00016662743,0.023394214,0.032006238,0.00057759474,0.0006286034,0.00041152374,0.0101663945,0.0054898825,0.025420504,0.49121016,0.0008727355,0.008473253,0.04295098,0.015657794,0.34244087,0.024794439,0.008911515,0.017628191,0.00025828634,0.00096025044,0.0034712914,0.0034882422,0.05933334
e390edb6-1c08-4b2d-dfe7-06eb2d003bd8,0.46585986,0.21669647,1e-06,0.0010234613,0.0071436707,0.0010877781,0.001156693,1e-06,0.018025987,0.0028927433,1e-06,0.036554385,0.00024785168,0.028604213,0.005680403,0.0009433903,0.013400714,0.000275694,0.01378753,0.03038324,0.0006657218,0.0005638678,0.0004677671,0.0039353683,0.0051007243,0.01990874,0.044656295,0.00020846487,0.0036233999,0.024738494,0.02201101,0.032544874,0.021816308,0.015940875,0.01772213,0.00016026219,0.0011466471,0.0028767795,0.00291099,0.008434651
e3a5bc4e-6fa9-0daa-e082-5a0be8d6a2f7,0.37257308,0.09086006,0.190666,0.0021500941,1e-06,1e-06,0.015652666,0.06258984,1e-06,0.0040041595,0.046402525,0.07091273,0.002495379,0.008715084,0.06941282,0.033299565,0.060617123,0.0019219727,0.025613144,0.029422896,0.0039064437,0.003149232,0.0027605747,0.0042326264,0.05201077,0.02748316,0.0007079236,0.002112544,0.0060235215,0.009977398,0.023640765,1e-06,0.035164375,0.01019247,0.017570375,0.001118006,0.00396736,0.011916894,0.0114226,0.0007839573
e3ff37bc-77ef-e85b-850b-ad0b6c849821,1e-06,0.28411058,0.22512193,0.374735,0.10541812,0.16912626,0.077897474,0.044011027,0.1169987,0.006248914,0.053026527,0.03720291,0.012538851,1e-06,0.021563279,0.004726496,0.030994607,0.006990053,0.026339354,0.030123375,0.030119933,0.03396709,0.027602462,0.0044902414,0.013484636,0.023532173,0.005867573,0.035621252,0.0042048986,1e-06,0.020874828,0.0031676518,0.023688959,0.0031170615,0.017511316,0.017572638,0.0026711014,0.01286114,0.012918351,0.0029172734
e4aa3da5-5600-6038-9b92-a93278fbe3ed,0.28319573,0.18029608,0.24529323,0.12989883,0.063821204,0.019618118,0.017630707,0.04482286,0.03189903,0.006634925,0.058552586,0.051284652,0.7351788,1e-06,0.04608945,0.01158876,0.03025041,0.64119416,0.019590842,0.030995954,0.1142298,0.15398824,0.1110102,0.0049351137,0.024615353,0.02380235,0.0016594416,0.0066248984,0.0046150037,0.03432735,0.026350986,0.00785851,0.025633266,0.002383143,0.017520191,0.06273641,0.0031284096,0.009636457,0.009459307,0.0015495177
e56fa7b9-ca69-bd4b-85c1-a631973d6b2b,0.386263,0.18552354,0.23565899,0.082564734,0.09985445,0.0040338314,1e-06,0.050346732,0.038761117,0.27720264,0.054039963,0.045725357,0.0021711066,1e-06,0.065410465,0.010834242,0.059481245,0.0028374584,0.034395628,0.030125532,0.0027314231,0.0013553165,0.0010385498,0.009072795,1e-06,0.030461665,0.0013622611,0.03590103,0.0032201004,0.012913213,0.028270708,1e-06,0.024217812,0.0027327402,0.017672747,0.0013409711,0.005484518,0.005006807,0.0049651805,0.0014916974
e57b5f39-e55b-117f-8990-b7b3c8496c68,1e-06,1e-06,1e-06,0.055405013,0.10250435,0.0018496102,0.0063319937,0.051256876,0.070101425,0.0065824995,0.06321087,0.06717221,0.0010310516,1e-06,1e-06,0.17457888,0.065636635,0.0015767888,0.020985879,0.03070157,0.0006993433,0.00057799555,0.0005336649,0.023050893,0.57738954,0.036429718,0.008090709,0.0017699975,0.01085629,1e-06,0.019414911,0.0016227663,0.028774466,0.008147786,1e-06,0.00027981968,0.0140539305,1e-06,1e-06,0.0062249755
e5abf5d4-6a9b-a507-8c85-fa951133c4be,1e-06,1e-06,0.21436206,0.007925106,0.09013872,0.0011743146,0.033077344,0.07416831,0.09295718,0.0035233651,0.05795957,0.092564374,0.00083052897,0.006174841,1e-06,0.23169819,0.050289128,0.00076316134,0.025707688,0.029619342,0.0021575892,0.0017862451,0.0015052138,0.004475642,0.03538764,0.029013028,0.0013159516,0.011329062,0.016743833,0.007916236,0.02348764,1e-06,0.023749033,0.012154525,0.017557463,0.0003298427,0.0050562904,0.061079275,0.061930522,0.0013191514
e60dcccc-143d-b77b-f1a4-a6ea9f7ca7ab,1e-06,0.17302766,0.21663323,0.019154105,0.04038104,0.0016864318,0.27442074,0.04256434,0.035188574,0.005672842,0.045407243,0.05963671,0.001928518,1e-06,0.025416926,0.0040791505,0.06719023,0.00199565,0.020142198,1e-06,1e-06,1e-06,1e-06,0.0044928296,0.014290418,0.02379802,0.0019071687,0.021117004,0.006423828,1e-06,0.013697586,1e-06,0.019575724,0.005476677,0.017550686,0.0009206496,0.004123924,0.003372253,0.0032797316,0.001344249
e65c5602-9756-0253-f7ca-7909c62f9fc9,0.4459552,0.21012545,0.23753008,0.3224598,0.06943226,0.15496367,0.04612586,0.048776597,0.14297554,0.0063507264,0.06034618,0.07418603,0.023930859,0.37779698,0.020021291,0.006271856,0.020512106,0.018929055,0.03236292,0.030401694,0.12639757,0.116232045,0.12835553,0.014148349,0.021895042,0.027254863,0.005222377,0.07035005,0.021691293,0.066670634,0.016847763,1e-06,0.021555506,0.006928946,0.017786521,0.0093888,0.0016676672,0.015333154,0.014787253,0.004593207
e7395eb7-661b-66b6-cc17-118f6d7ad3bb,0.59247416,1e-06,1e-06,0.0061979922,0.08191673,0.006420432,0.016868774,0.08127676,0.08094313,0.006810878,0.05132411,0.03704896,1e-06,1e-06,0.03731642,0.014093858,1e-06,1e-06,0.016421074,0.02872343,0.031912927,0.041287884,0.03468168,0.00750858,0.031180242,1e-06,0.00043395508,0.00299507,0.0107932,1e-06,0.0261583,1e-06,1e-06,0.0098305475,0.017580844,0.0018311009,0.0029278493,0.020153746,0.019897353,0.00089800893
e74e8334-2093-5dca-251f-7ac6ff02f87b,0.4921427,0.2691443,0.222768,0.007980179,0.02479592,0.000358447,0.005556013,0.0565884,0.0054115183,0.0035675643,0.052421603,0.02202691,0.0002189699,0.23782147,0.0057027,0.0018627486,0.009909455,0.00028068916,0.028973358,0.032300673,0.0015077409,0.0011170926,0.00087402784,0.034410514,0.006501333,0.021914989,1e-06,0.0011162059,0.035939444,0.07845033,0.01648075,0.32235858,0.01916384,0.010642345,0.017680025,0.00018276578,0.013065218,0.004142508,0.0040303566,0.22658026
e773a2c1-489c-3bbd-8220-dadb31a6756d,0.5365124,0.22784318,1e-06,0.005764582,0.04162733,0.17740087,0.018154668,0.07820345,1e-06,0.006580552,0.06260903,0.13516036,0.0049998905,0.013274933,1e-06,1e-06,0.030425668,0.0026191438,0.03727856,0.02957089,0.003728458,0.0028425725,0.0023794365,0.003445434,0.014459372,0.023746302,0.001879563,0.011015732,0.006029386,0.011013231,1e-06,1e-06,0.026382906,0.0032430259,0.017801404,0.0009153648,0.0022056974,0.018823324,0.018596752,0.0019184996
e791826c-265f-f003-9892-0ab7e34f0ab5,0.2715247,0.14396276,0.22960187,0.05773131,0.043597292,0.01057017,1e-06,0.05485889,0.03783767,0.2993824,0.05398037,0.029629769,0.6782021,1e-06,0.030060455,0.006191056,0.06611376,0.4030077,0.026531808,0.03023909,0.065463275,0.04294923,0.041479792,0.020054324,1e-06,0.027315117,0.00078111514,0.3370313,0.0070444904,1e-06,0.02770427,0.00071903766,0.03301612,0.012548732,0.017648637,0.24325621,0.021780986,1e-06,1e-06,0.0010348866
e7a26bc9-953a-f84f-0f07-17529de17d63,0.6857507,1e-06,0.23118708,0.007313995,0.03862389,0.00060368044,1e-06,0.0477025,0.03663524,0.0021413276,0.047715884,0.039167672,0.0027702262,0.009903849,0.09220298,0.010607332,0.051368587,0.0031826126,0.028295645,0.030489136,0.0025106636,0.0019429347,0.0012101071,0.0050804396,0.013840594,0.027123697,0.0021430412,0.016624609,0.011396898,1e-06,0.01228182,1e-06,0.019921858,0.0057427925,0.017525513,0.0027732886,0.0040125814,0.0057650483,0.00587741,0.0029646407
e852f5d1-4a1e-95a3-ac23-1b6a663c8f88,1e-06,0.2337232,0.22302476,0.004750865,0.009954561,0.0009846007,0.005541811,0.04685535,0.011469559,0.0010167534,0.04799739,0.035720278,0.00053442817,0.20728059,0.005008913,0.002327828,0.010401031,0.00059988874,0.026233716,0.030103898,0.00074254576,0.00048600064,0.0003812196,0.0075069247,0.003390681,0.0221146,0.6756893,0.00091276644,0.00980147,0.073791,0.01411652,0.34429935,0.023416627,0.0035029906,0.017553432,0.00034092783,0.0018973497,0.0029621744,0.0030520451,0.037101414
e87a6fbb-f0c0-fac0-4207-93698009e721,1e-06,0.2511315,0.20699647,0.013587062,1e-06,0.7205832,0.04948132,0.080503896,1e-06,0.0070981793,0.05652302,0.06360247,0.003846207,0.0121208895,0.03445845,0.019547734,0.07326148,0.0026209487,0.047700707,0.030189617,0.007682606,0.008153755,0.00453306,0.0056710583,0.040879965,0.029922476,0.0011067196,0.027440216,0.0043073194,0.010952483,0.018198287,1e-06,0.026471945,0.01360157,0.017579833,0.0009999193,0.0018578945,0.0079076,0.007850909,0.0008726884
e8dcbba9-5cb7-99d7-9bca-eb6772b36df2,1e-06,0.14309764,1e-06,0.06226125,1e-06,0.05533028,0.005064242,0.044776227,1e-06,0.002325212,0.061134513,0.045491662,0.010322647,1e-06,0.047381457,0.006987941,0.029477531,0.00610895,0.02950144,1e-06,0.004128878,0.004288061,0.003422021,0.0055331807,0.074570775,0.023920394,0.002653374,0.0021677008,0.004490177,0.0115164835,0.017458612,0.0011016726,0.02768941,0.0051513957,0.017465224,0.021769771,0.0041984622,1e-06,1e-06,0.0032776173
e9030db0-d784-d891-966b-2a5cdbeb3669,1e-06,0.19737819,0.22141077,0.008034209,0.007072942,0.0047549913,0.004424109,0.04850748,0.01585613,0.001627467,0.0708403,0.026676338,0.00025209572,0.11804069,0.0034147268,0.0008643586,0.008698155,0.0002852785,0.022827802,0.030339144,0.00097017747,0.00071769,0.0006278892,0.0044320207,0.0032406533,0.020254461,0.024361135,0.0013784962,0.0056638466,0.054247674,0.0116444165,0.07490585,0.019349705,0.0041142683,0.017606592,0.00017743495,0.00085835234,0.0027586063,0.0027689287,0.004770965
e91fbb9a-8a16-fb7a-1b0a-d024c6907607,0.43607566,1e-06,0.28559837,0.013365254,0.022166174,0.028637804,0.004020569,0.05629587,0.026948875,0.0041876067,0.06505779,0.07324708,0.00089995615,0.035627417,0.0129590025,0.004052998,0.015485113,0.0011861069,0.025211576,0.031291284,0.0012672317,0.0009147394,0.0006826007,0.015439889,0.011795434,0.029340072,0.25709784,0.0017487172,0.011004786,0.050812088,0.01514695,0.020839294,0.022992132,0.008958874,0.017650925,0.00049210596,0.0010814995,0.0045265807,0.004428626,0.022225874
e9bebfd3-f53d-966a-0809-b42a3d7f08e3,0.34594685,1e-06,0.21545336,0.12789059,0.117814034,0.00318251,0.48868713,0.04878831,0.0712191,0.69995433,0.058270648,0.061284587,0.0019078583,0.03374822,0.15083414,0.041337263,0.06646379,0.0018335651,0.021643106,0.030700015,0.005306607,0.004456837,0.002548737,0.009752729,1e-06,0.029526519,0.0013065954,0.056780495,0.0060220207,0.010443224,0.017173203,1e-06,0.022309132,0.0070415693,0.017597804,0.0009916676,0.007721372,0.004346531,0.0043928064,0.0029332328
ea0ac5ec-bd39-f004-8b2c-e03a0b7f35d3,1e-06,0.1861036,0.22428282,0.24856435,0.39090148,0.05915956,0.012649616,0.058403954,0.25300083,0.0054730745,0.07516752,0.03464281,1e-06,1e-06,0.18383472,0.011713228,1e-06,1e-06,0.03443195,0.029114816,0.026980711,0.023359448,0.025576608,0.015842455,0.06293975,0.032109853,0.0014543136,0.00579928,0.012520071,1e-06,0.02361115,0.0007015967,0.02475597,0.00366926,0.017547598,0.00488383,0.016345425,0.030474428,0.030520912,0.0016140104
ea0ebd9c-97a8-8971-9c29-e422216a8e28,1e-06,1e-06,0.23374449,0.09745141,0.08042963,0.014284362,1e-06,0.060153592,0.029356388,0.009180336,0.047554467,0.042791266,0.008660745,1e-06,0.052296698,0.007896051,0.049022455,0.008550511,0.020201378,0.02901018,0.006799313,0.004735919,0.0031883966,0.011039946,0.0269529,0.029076831,0.0027729294,1e-06,0.0138098635,1e-06,0.014553292,0.0010906998,0.024804236,0.006001033,0.017606013,0.00581926,0.010468361,0.015299511,0.015340384,0.0024775425
ea3a859d-a605-a7dd-5a49-6da98c14b5be,1e-06,0.28120717,1e-06,0.115812846,0.04842796,0.22208646,0.0059097996,0.054781605,0.04415387,0.0043588625,0.054325152,0.03885344,0.0016194802,0.067662366,0.010465039,0.0019366974,0.013890102,0.0014307818,0.025230112,0.030069761,0.0040141507,0.0028553477,0.0026599595,0.0055761957,0.006981515,0.021398524,0.16115104,0.0035226797,1e-06,0.07302774,0.01666233,0.020041974,0.023876261,0.004715175,0.017613843,0.00092932046,0.00065963255,0.0046078945,0.0046256133,0.012540922
ea4088e3-19a1-51ba-ec26-5c3866e0329d,1e-06,0.17661321,1e-06,0.21841028,1e-06,0.016863246,0.014857629,0.06925013,0.07287522,0.00999686,0.056237232,0.078659706,0.0042193173,0.010844825,0.16866218,0.032693017,1e-06,0.005515327,0.024675244,0.030613126,0.0072248066,0.00742224,0.006604624,0.011923653,0.2960063,0.028958714,0.0024973243,0.011789554,1e-06,1e-06,0.030755479,1e-06,0.025807286,0.018720524,0.017519603,0.0018811653,0.007952663,1e-06,1e-06,0.0041804463
ea427b11-945c-80a5-140e-787542afb0b1,1e-06,0.2315142,0.21545945,0.089902565,1e-06,0.76495755,0.015028903,0.059984356,1e-06,0.012222334,0.04821728,0.053866316,0.00662495,0.0051051797,0.18539536,0.04576708,0.056965996,0.008513562,0.023619233,0.030118564,0.011998871,0.008231526,0.008006824,0.002661515,0.119136795,0.02987921,0.00072483206,0.007867795,0.00454642,0.008109063,0.030425701,1e-06,0.024896031,0.009525856,0.017503759,0.0019531604,0.0037698236,0.017256511,0.01692139,0.0008548748
eadfc332-292c-4972-c8be-4d4cb989e319,0.3905378,0.19349322,0.20617735,0.09642724,0.17939422,1e-06,0.07581992,0.056454524,1e-06,0.0043685073,0.04737449,0.035509724,0.18326795,1e-06,0.038511783,0.004503675,0.025484981,0.14066029,0.017567694,0.029006736,0.014298403,0.011393426,0.010224609,0.002035779,0.011575698,0.023231791,0.00097521895,0.016436405,0.005879617,1e-06,0.01759458,1e-06,0.0247501,0.0017379407,0.017473865,0.099725015,0.0045491788,0.02065118,0.020227749,0.0008032276
eaf8b5b6-0281-68bc-0a56-f0a0ec5731e8,1e-06,0.20464614,0.212449,0.005103159,0.06118634,0.0017999134,0.03379322,0.072907425,0.04853176,0.008211191,0.059241693,0.040750522,0.0024833987,1e-06,0.039110284,0.018862465,0.06358284,0.0012946483,0.0287427,0.030378012,0.0026395905,0.0020435357,0.0018587925,0.005914001,0.059773985,0.024713747,0.0045733773,0.011360951,0.0067871963,1e-06,0.028373118,1e-06,0.024773417,0.009743486,0.017623903,0.0018947052,0.0034187357,0.012232594,0.012293775,0.003270214
ebdc3e2d-d7de-f72a-0737-885a2ca817aa,0.33128372,0.21318257,0.23479308,0.047625594,0.12040581,0.00630385,0.06908504,0.061628513,0.1258885,0.004983738,0.05689272,0.040016357,0.0027182943,1e-06,0.040157717,0.009373922,0.037498873,0.0031942436,0.028639682,0.03062812,0.0038876499,0.002216667,0.002373515,0.024930533,0.117100894,0.025546191,0.001508884,0.008648667,0.005303281,1e-06,0.023367545,1e-06,0.028617978,0.008901184,0.017647943,0.001876834,0.012040318,0.019313177,0.019139476,0.0019613463
ec11d6ac-4101-a048-79a2-d85a919efb46,0.3329937,0.18078496,1e-06,0.0047224704,1e-06,0.0021920248,0.0060765357,0.06975379,0.10124147,0.00276163,0.04699365,0.072466984,0.0019624839,0.0071824524,1e-06,0.31084976,0.06474831,0.0014021415,0.0229311,0.030549988,0.0023199033,0.001674323,0.0016640723,0.009821529,0.100648075,0.033091556,0.0009126844,0.0030655111,0.0053624413,0.0068383,0.021402344,1e-06,0.026308212,0.006953449,0.017701454,0.0011457487,0.01014075,1e-06,1e-06,0.0015734187
ec3898b6-f0fe-caab-9422-904bff9fe22e,0.5497967,1e-06,0.27419162,0.0031074209,0.010610276,0.0013156285,0.0031144286,0.05279546,0.009704346,0.0027916736,1e-06,0.033432387,0.00025266412,0.033346053,0.008062176,0.002488372,0.013962078,0.00038200934,0.02487968,0.032127883,0.00061080704,0.00041326738,0.0003558876,0.009474207,0.004797063,0.024889825,0.10503755,0.00074820424,0.004239785,0.03631854,0.018367158,1e-06,0.0216137,0.0035613463,0.017502718,0.0001026122,0.0006780825,0.007774999,0.007835482,0.027893417
ec432e6c-c2fa-63d2-2692-440fda6e17d4,0.27361035,0.28070527,0.23380789,0.07631254,0.20818453,0.8529663,1e-06,0.04894616,1e-06,0.009874334,0.064548045,0.03317733,0.023959173,1e-06,0.08321726,0.024128417,0.04762268,0.023083609,0.02545506,0.02954924,0.009763443,0.005151875,0.0052686534,0.008891683,0.12159594,0.028168177,0.001263713,1e-06,0.004079746,1e-06,0.03082987,1e-06,0.027152488,0.004691699,0.017624026,0.019346721,0.029404312,0.022201193,0.021585483,0.0017150001
ec82cf12-4ab0-ce23-a90a-f414e26e4c62,0.507853,1e-06,0.21002649,0.0144033125,1e-06,0.0072102733,0.0059156935,0.062205452,0.09426129,0.0039403858,0.051126607,0.028901761,0.0007814552,0.0049799196,0.036774028,0.02413681,0.057157625,0.0011762014,0.022620749,0.030325081,0.0016029965,0.0015837719,0.0012024816,0.007625294,0.030749531,0.03324527,0.0014270216,0.0010990793,0.0027470826,0.008437628,0.022626374,1e-06,0.026572809,0.0034674068,0.01757406,0.00036090007,0.0064844596,0.016768906,0.01630959,0.0018907106
ecbbffe7-f603-cf34-fb47-6382f81ae998,0.23141521,0.47023264,0.2425681,0.021897718,0.0139103485,0.0021003592,0.009275134,0.04380921,0.027937545,0.004551972,0.06836177,0.024375785,0.0007374638,0.028679056,0.0075332127,0.002226193,0.018959379,0.00084811496,0.017962776,0.02988265,0.0021251705,0.0018416024,0.0015073477,0.007814173,0.01598617,0.020597031,0.008237742,0.0018476906,0.003674904,0.016967835,0.021306561,0.012481756,0.022212986,0.005769903,0.017799266,0.0008421558,0.009104917,0.0068214037,0.006919564,0.005658027
ecfe40f9-b43f-d6c7-4a56-b26d70d9f68c,0.29524863,0.27137914,0.22026017,0.0013353548,0.012636063,0.0037785359,0.0033464578,0.055293486,0.027551217,0.0029048556,1e-06,0.021067578,0.00037309562,0.047689322,0.0038335049,0.001005417,0.009855632,0.0003336043,0.016592111,0.031392485,0.0012957926,0.0008877626,0.0008851091,0.015049377,0.0035952474,0.026586384,0.0582412,0.0010597574,0.009790239,0.06715959,0.017482715,0.034605816,0.020569177,0.013931093,0.017538592,0.00024344958,0.0007523452,0.003133239,0.0030800423,0.011525718
ed15e77a-f12e-24d8-34a9-02ab93173ca5,1e-06,0.19889279,1e-06,0.14146149,0.1693811,0.021553688,1e-06,0.052593537,0.06815948,0.32968605,0.05535644,0.06894943,0.018571826,1e-06,0.07216671,0.022909755,0.048827235,0.01609437,0.028453307,0.029090049,0.009052964,0.006780565,0.0057786154,0.0047391304,1e-06,0.027318666,0.0011057723,0.19819358,0.0038838699,1e-06,0.027075086,1e-06,0.024525788,0.0028453793,0.01761201,0.008688157,0.00268076,0.0075393976,0.007419685,0.0015494335
ed7d7301-98e2-b163-b08a-f9d14edd0be6,0.39026332,0.16929586,1e-06,0.18783456,0.11971642,0.16000395,0.028349673,0.052785523,1e-06,0.00441723,0.060701184,0.025020316,0.0038287935,1e-06,0.025004284,0.0059233024,0.021489225,0.0029139281,0.028997952,0.029810075,0.015559543,0.016180947,0.016428625,0.017432656,0.009880564,0.023816882,1e-06,0.009315893,0.0056916173,1e-06,0.014397948,0.004485604,0.01958014,0.0025613399,0.017548265,0.003859981,0.004463771,0.010201282,0.010427884,0.04426125
ed830873-692c-f609-e998-099136e9aff1,1e-06,0.19697797,0.23696178,0.13036148,0.090497695,0.09815735,0.07118092,0.06003127,0.07388021,0.0065328153,0.06368289,0.06242322,0.7011595,0.056465074,0.015929535,0.010572384,0.030274052,0.5224244,0.02099482,0.0292705,0.37822247,0.32779437,0.34608844,0.012249517,0.020114092,0.02490654,0.001323871,0.018893018,0.0024674397,0.021791784,0.035148982,1e-06,0.030432764,0.0049222144,0.017637359,0.117133774,0.0012969824,0.013064498,0.013087185,0.0013266775
ed9d0e0d-db20-8a72-47b1-27e77ad9e623,1e-06,1e-06,1e-06,0.11157821,0.14479025,0.45610836,0.044905446,0.046494637,1e-06,0.00307538,0.05988397,0.032263126,0.6890463,1e-06,0.04489159,0.00526504,0.03067977,0.27493125,0.021256782,0.028830608,0.10330921,0.13858065,0.123743765,0.0037777456,0.021076985,0.024856614,0.0017024842,0.007572519,0.009261099,0.011145249,0.017652899,0.0009623161,0.025891175,0.012570386,0.017533042,0.41758364,0.0023316513,0.026691563,0.026815124,0.0020266615
eddb249e-606c-4a16-48a4-96913dcd8170,1e-06,0.31207192,0.24620825,0.004174197,0.008125846,0.006728396,0.005214927,0.057080477,0.016893758,0.001983309,0.05694177,0.05216484,0.0010156784,0.10309459,0.0035741283,0.0020112484,0.011351804,0.0007328419,0.03958873,0.03082998,0.0023971112,0.0018066104,0.0016068385,0.005469122,0.0033406767,0.021056902,0.038076818,0.0011583834,0.0073024803,0.07932999,0.013942481,0.08321836,0.024842504,0.013963054,0.017619312,0.00058834546,0.0011986039,0.0054918365,0.0053952993,0.006917248
ede5426b-2777-ad8d-fbb6-589b19861625,0.4928765,1e-06,0.22602001,0.014753549,1e-06,0.0050543644,1e-06,0.06865589,0.08525136,0.32971007,0.04522399,0.071276665,0.0044046654,0.0059145647,0.10223565,0.06818859,0.10545383,0.005094367,0.028652465,0.030177848,0.005289028,0.0031071692,0.0026599064,0.0031266743,1e-06,0.035349518,0.0011562674,0.010831355,0.005672963,1e-06,0.016656911,1e-06,0.024972465,0.005729891,0.017539857,0.0029287091,0.006708653,0.006279753,0.006390644,0.0018690422
ee04331b-bf7c-d4f5-eaa4-7b9a3a4834a9,1e-06,0.18551365,1e-06,0.001124992,0.016887989,0.33179486,0.0057982546,0.065872915,1e-06,0.0020537276,0.059865348,1e-06,0.0004687079,0.03243508,0.004795492,0.0030011146,0.011959277,0.0005835502,0.019109156,0.030978614,0.0011797668,0.0006571154,0.0006188406,0.008328784,0.0033209268,0.026221117,0.015020157,0.0023004652,0.009055722,0.033016074,0.01635292,0.011763929,0.021155717,0.011109077,0.017522573,0.00019401006,0.0004058838,0.0035950718,0.00356818,0.0045923833
ee66db08-faac-04b8-d14a-a45748709c07,0.42184454,0.24524571,0.25788522,0.052748628,0.04818794,0.0050476524,0.02697411,0.049602576,0.027120013,0.0050728708,0.051316347,0.019618396,0.00876176,0.15068413,0.010847984,0.0017534634,0.026347553,0.009353742,0.023129232,1e-06,0.025138665,0.026502393,0.022833986,0.008162292,0.013297793,0.023353549,0.0801183,0.009920459,0.005528197,0.05140881,0.015703468,1e-06,0.025241312,0.0025079828,0.017699836,0.004892239,0.0076463087,0.0049221655,0.0049952045,0.0052290848
ee8b05bd-3903-17dd-8927-833ddbcb5af9,1e-06,0.2886508,0.17861909,0.022419197,0.14896262,0.038595304,0.00855051,0.07387492,0.034787793,0.0043131467,0.07321057,0.17599419,0.002802994,0.01236607,1e-06,1e-06,0.052489333,0.0029205072,0.032610748,0.030769536,0.011874046,0.008677563,0.007272719,0.0049808184,0.014792714,0.025518361,0.0040507247,0.0023609628,0.0063732956,0.019288355,1e-06,1e-06,0.030544028,0.01732181,0.017692229,0.0007229934,0.0029503074,0.07373242,0.07227846,0.0028127264
eead97be-db0d-bd5c-82ea-bb4e0b2b9370,1e-06,1e-06,0.18157716,0.0057431012,0.03583089,0.0041796705,0.16527295,0.0666005,0.0725904,0.0029879864,0.06294866,0.02661913,0.002068116,1e-06,0.025153127,0.004067581,0.03275576,0.0017658779,1e-06,0.02965128,0.003809646,0.0022427295,0.001704707,0.0040319078,0.008909421,0.027672771,0.0022024862,0.025510173,0.008053116,1e-06,0.018995775,0.003516044,0.02189296,0.021670945,0.017623017,0.0014998957,0.004553632,0.0073878,0.0074932757,0.001634803
ef30c279-cd5e-ab08-b02e-e57802e43557,1e-06,1e-06,0.26197314,0.17149544,0.0981719,0.038924977,0.22562249,0.06707356,0.06976159,0.3384304,0.05715021,0.048780087,1e-06,1e-06,0.092601165,0.010971894,0.06730422,1e-06,0.030324252,0.029222889,0.09886594,0.10106913,0.1059305,0.0065172547,1e-06,0.03584745,0.0011812097,0.09695212,0.007976489,1e-06,0.019695604,1e-06,0.024380555,0.0100402245,0.017548181,0.0075015905,0.022475317,1e-06,1e-06,0.0012360977
ef47fc93-03be-c621-dbd1-ed6e975dcee4,0.2370862,1e-06,1e-06,0.005175243,0.034863673,0.00029931066,0.011123778,1e-06,0.016449492,0.0045744567,0.062650345,0.031413622,0.00026133095,0.073841125,0.009565263,0.0013092256,0.01909668,0.0002671324,0.027214758,0.030215383,0.000860075,0.0009679968,0.00062441354,0.020076277,0.019669592,0.023667889,1e-06,0.0017892141,0.022159379,0.05921034,0.013869803,0.01469741,0.01895011,0.007996024,0.017652845,0.00019117039,0.007722308,0.005989503,0.00586629,0.096620664
ef799586-da86-e5fb-ba76-b1a6a91bbc7b,0.26035687,0.31116918,0.24115276,0.00870414,0.20573989,0.0033565718,0.011439636,0.07649688,0.11746574,0.005137378,0.061496217,0.021566505,0.0022116473,1e-06,0.025767593,0.006534438,0.061473496,0.0026616997,0.025374977,0.02923217,0.001790858,0.0014162189,0.0011495103,0.0051427037,0.07888529,1e-06,0.0011570487,0.0043380153,0.008319771,1e-06,0.028514735,0.00081978244,0.028090134,0.004792705,0.017604517,0.0014534085,0.005090558,0.05319721,0.052115932,0.0011231675
ef8eaa08-3e89-4eb7-6d32-772f9034000a,1e-06,0.2833198,0.19694915,0.011877443,0.034372363,0.0040148175,0.055938043,0.07377148,0.05283832,0.0050427173,0.06536732,0.08294357,0.0029774478,1e-06,0.009923538,0.004633303,0.024109084,0.0017278458,0.02934574,0.029786887,0.0037586577,0.0027831693,0.0025821356,0.007436498,0.008239315,0.025539903,0.0055043274,0.010300091,0.010570804,1e-06,0.019932656,0.015925327,0.023062957,0.015476881,0.017585244,0.0025007965,0.0037997859,0.021015212,0.020984316,0.0038435787
f03859cd-862f-ee85-b4d4-e7fd8712e515,0.52750885,1e-06,0.2546576,0.0068503404,0.0850368,0.0026826742,0.044295736,0.07093984,0.0661653,0.006989819,0.07251246,0.039009713,0.001158956,1e-06,0.03524788,0.0077626454,0.056545526,0.0007645945,0.019478627,0.030189615,0.001700666,0.0018305265,0.0012299463,0.012419175,0.02690079,1e-06,0.008516248,0.006671162,0.0035574175,1e-06,0.015378148,0.0039671636,0.024682129,0.0036902924,0.017698105,0.0012110607,0.0064939866,0.013411974,0.01383737,0.004672068
f06f3840-decb-9879-8051-b0404b4e9297,0.34267443,0.113467366,1e-06,0.79964954,0.3213399,0.04964085,0.030618377,0.048532557,0.04548509,0.011684496,0.056094833,0.058295377,0.008380957,0.041565582,0.10481481,0.021690017,0.04158754,0.0057685017,0.025453229,0.029716376,0.008982033,0.009579227,0.007524703,0.0060736844,0.100266635,0.03128626,0.004616107,0.024789454,0.008322666,0.022244522,0.018332887,0.007286278,0.025952484,0.014359548,0.017562928,0.006946282,0.0017593289,0.067498274,0.06884997,0.0030095836
f070d5be-a8ad-f67b-14ed-32839e1545f0,0.57321054,1e-06,1e-06,0.010502919,0.036313854,0.00037338556,0.0040382463,0.036525715,0.018850682,0.0023343354,0.057228845,0.017182318,0.00056277786,1e-06,0.006438471,0.0011058693,0.023870762,0.00072484766,0.03518011,0.030255223,0.00043191484,0.00030527383,0.00027285967,0.014592963,0.009037128,0.022075407,1e-06,0.0006218185,0.01427176,1e-06,0.010141164,0.005810777,0.019082127,0.004102691,0.017579248,0.00076612027,0.0057042274,0.0056797373,0.0055702724,0.07611612
f0a31f10-49c6-0d63-6173-da7deb1d3a11,1e-06,0.3059809,0.25380394,0.50862366,0.3657565,0.028734785,0.034678716,0.07544002,0.08270768,0.010679728,1e-06,0.043608822,0.005650766,0.014790986,0.11841859,0.031754307,0.08411035,0.008173103,0.027588306,0.029371716,0.019730369,0.018793223,0.024916021,0.009444802,0.1616909,0.028866928,0.0024051133,0.020856675,0.01304501,1e-06,0.036389336,1e-06,0.0209691,0.0034441983,0.017550532,0.0039914316,0.014021803,0.014240264,0.014054113,0.0023166877
f1145f7a-d1a6-4ccb-d6b3-54d177db83ed,1e-06,0.25997856,0.22150117,0.002119091,0.2072151,0.043072324,1e-06,0.055312045,1e-06,0.0032612593,0.052865587,0.05774731,0.001279487,0.0033689162,0.07479128,0.08165614,0.09589625,0.00089645444,0.025213918,0.028805928,0.0010380037,0.0006660515,0.00061604794,0.0027004764,0.03189199,0.031856924,0.0018051392,1e-06,0.0067380257,1e-06,0.021505969,1e-06,0.028962968,0.003134252,0.017524252,0.0012637251,0.0019090262,0.015176237,0.01489998,0.0010992269
f120d30e-529e-2936-cfd6-b8a7207a0c25,0.55378187,1e-06,1e-06,0.0053324047,0.022798594,0.0010631504,0.09868644,0.06045792,0.019210229,0.0024637477,0.056711733,0.041867785,0.0030954373,1e-06,0.01334736,0.0036957266,0.031172074,0.0014118348,0.020776117,0.030578602,0.00260977,0.0020603996,0.0016399717,0.0063916054,0.008553601,0.021806013,0.007531641,0.010221873,0.00891143,1e-06,0.011997175,0.0037416043,0.023001226,0.0032838397,0.017607676,0.0020165339,0.011031515,0.0049040355,0.0049458323,0.0047876313
f12ff989-9593-71f1-66e6-502ec9b3fecd,0.759289,1e-06,0.24784143,1e-06,0.01551043,0.0011104011,0.11511194,0.053822763,0.0998494,0.0033176052,0.077869795,0.012781275,0.0006920647,1e-06,0.019296745,0.0009108719,0.02377638,0.0007496584,0.017365895,0.028471993,0.0013591074,0.0013282554,0.00087167247,0.003144677,0.01553983,0.024936056,0.003378805,0.0042424602,0.0026689563,0.007165859,0.009969322,0.00069372787,0.024016319,0.0032552783,0.017507348,0.00065274135,0.0019520571,0.008668367,0.008301175,0.0016346646
f1596a37-d2d8-7b35-44c6-6ae60ee0c1a0,0.41904664,0.29617187,0.23852234,0.007332868,0.019843655,0.0043027396,0.012087871,0.057045132,0.017687773,0.0020099306,0.05732934,0.026431644,0.0009866754,0.07525536,0.010789943,0.0033802593,0.02122412,0.00093877426,0.029807435,0.031448085,0.0029995448,0.0018702708,0.0017203082,0.007356345,0.0064417724,0.026288982,0.008064617,0.0022356887,0.0052831876,0.036348395,0.012588212,1e-06,0.023002034,0.002584486,0.017717268,0.0008776432,0.0030768597,0.011683363,0.011661303,0.004436703
f1596f42-5688-d406-519e-2b720e3314f3,0.20340706,0.3221368,0.1804539,0.019245131,1e-06,0.0014510938,0.020241091,0.047384635,0.050412826,0.69547945,0.04469807,0.09573942,0.00039258515,0.002771299,0.10292748,0.03379739,1e-06,0.0006909438,0.01887617,0.03068193,0.0009102531,0.0006344992,0.00061390514,0.002109239,1e-06,0.027717438,0.001338908,0.0025646377,0.0026010198,0.0058085322,0.025778668,1e-06,0.024932148,0.0066682966,0.01743254,0.00016536897,0.002742688,1e-06,1e-06,0.0013775101
f1610c48-cf3c-5383-6ef6-64fedd856808,1e-06,0.31458572,0.212681,0.006058299,1e-06,0.082235545,0.0047607613,0.06369329,1e-06,0.003473155,0.051046133,0.051182415,0.0010479314,0.0026144169,0.035112455,0.016008327,1e-06,0.0016042436,0.045726,0.029115027,0.00079725456,0.0006421224,0.0005417079,0.004224559,0.024900828,0.030682014,0.0008762154,0.0012420354,0.006948781,0.0057822336,0.027044078,1e-06,0.0299198,0.007468833,0.017545084,0.00027599672,0.003340558,0.016654003,0.016062409,0.0013763807
f1650e94-caa9-dfef-f5b8-83823d0f655a,0.6303083,0.23435234,0.22613628,0.2520049,0.10915135,0.12530267,0.07002644,0.047668,0.114796065,0.010263471,0.057918154,0.033083163,1e-06,0.0150519265,0.072673135,0.011236525,0.03974972,1e-06,0.017996097,0.0293291,0.4951085,0.42480332,0.4200125,0.0038305195,0.028736202,0.022906153,0.00056636153,0.013526474,1e-06,0.010942248,0.033991404,1e-06,0.031510472,0.003525914,0.017564392,0.07137125,0.0032825165,0.02267947,0.022815075,0.00060457503
f1792e8b-3270-ff2d-7ded-18aa6006bd89,0.4448469,1e-06,1e-06,0.019827643,0.10078229,0.0014536472,0.06823036,0.05902109,0.031393986,0.00548143,1e-06,0.05540527,0.00089098694,0.0162404,0.09317637,0.014317707,0.05014822,0.0014453143,0.026065934,0.03116624,0.0025787377,0.002687027,0.002246636,0.008239541,0.5258359,0.03019064,0.0038165955,0.01767311,0.010366542,0.009661813,0.015901262,1e-06,0.023942912,0.0031467795,0.017543806,0.00024012526,0.008932706,1e-06,1e-06,0.0043247445
f19393ae-83e1-1e74-1bd7-381ce7b1a3f1,0.57915956,0.27770257,0.19342576,0.009760234,1e-06,0.014281346,0.27195287,0.059227437,0.11582374,0.006624042,0.042162005,0.030634463,0.0033976685,1e-06,0.019678976,0.010879406,0.024554512,0.0038489331,0.024099823,0.029861124,0.0051385593,0.0035130687,0.0029182474,0.0070707896,0.014178333,0.027588382,0.0014204285,0.052362476,0.0037013802,1e-06,0.02471151,0.0026285243,0.022634083,0.008119638,0.017614763,0.0020266997,0.0041758204,0.0069326134,0.006846303,0.0010231354
f1b51784-01de-7dae-efd3-2aed4f149638,0.3862826,0.32375687,0.20432128,0.05186072,0.05602139,0.040850274,0.082479514,0.047578234,0.11769937,0.0034230934,0.047979366,0.044096723,0.7477143,0.07276267,0.018270515,0.005506871,0.030099828,0.27350095,0.023778649,0.029144956,0.32533097,0.34663218,0.40196943,0.009936424,0.013373708,0.025411874,0.00097650674,0.027959622,0.016492087,0.019630505,0.016051307,1e-06,0.02464128,0.007977139,0.017655477,0.59513783,0.002103204,0.0131080365,0.0129810255,0.00081376405
f1b7c1eb-a05c-000d-dec5-fbe501a6593a,0.39699036,0.15612343,0.18424535,0.004192468,1e-06,0.061868437,0.014506403,0.076373585,1e-06,0.19412293,0.049018603,0.035847656,1e-06,1e-06,0.04505698,0.01417679,1e-06,1e-06,0.021979297,0.028708976,0.0076502413,0.0054439497,0.006277464,0.0069753653,1e-06,0.028943604,0.00061302254,0.0028680419,0.01036553,1e-06,0.026521303,1e-06,0.025163643,0.008672112,0.01749086,0.0013207124,0.012756467,0.0039583724,0.003834968,0.0005986087
f1f4af1a-8170-7fc8-94a4-d7977dad408f,1e-06,1e-06,1e-06,0.37769005,0.13333477,0.13882458,0.091148995,1e-06,0.102941856,0.006271781,0.06632389,0.03803024,0.019203473,1e-06,0.0212032,0.008047327,0.03613036,0.015180829,0.02467915,0.031198284,0.037768856,0.03907871,0.03316959,0.0065782447,0.008024344,0.025007216,0.009283358,0.03375441,0.003777017,1e-06,0.013842258,0.007674976,0.020958971,0.0034801548,0.017553857,0.008655992,0.0020043277,0.0064339372,0.0063230665,0.005477788
f206fb51-f145-834b-5404-5abd11635b63,0.43789998,1e-06,0.2603341,0.20353842,0.13030131,0.027165351,1e-06,0.052424897,0.085865095,0.005290097,0.054551125,0.028673125,0.8605163,1e-06,0.0393769,0.005499764,0.042771626,0.5299735,0.028628988,0.028801233,0.096999645,0.06549985,0.09321204,0.017798327,0.03831786,0.025173482,0.00078319066,0.020588046,0.0054956377,1e-06,0.021313855,1e-06,0.029238587,0.0017832892,0.01763538,0.5942476,0.0053907614,0.023220966,0.023100195,0.0010195009
f240a4e8-553a-08fd-dff1-c83dadabe24a,0.32833582,0.23502573,0.25188422,0.0030753904,0.01785992,0.0013314632,0.01058105,0.06273512,0.015557904,0.0033312677,1e-06,0.016932935,0.0010467508,0.069703504,0.009092905,0.0024830964,0.02217022,0.00070748077,0.03378722,0.032873314,0.0022504227,0.0021086296,0.0018184751,0.0028914558,0.011523611,0.02108283,0.013157482,0.0025556106,0.007107878,0.05002426,0.013619529,0.026465235,0.022934621,0.0039575608,0.017655682,0.0009774698,0.0020551172,0.008669351,0.008689266,0.004545529
f2a89854-062a-f8b2-7d28-ac0dc72dac53,0.48820978,1e-06,1e-06,0.007515834,0.0069561633,0.0011747214,0.003918753,0.05660584,0.017289355,0.0011603769,0.052861743,0.020033317,0.0013807565,0.065829754,0.0034095563,0.00082924543,0.015063628,0.0012011925,0.019485362,0.029787786,0.0016414061,0.0014187961,0.0010046012,1e-06,0.0044165994,0.022496296,0.0169876,0.0011889607,0.006865943,0.0347608,0.012859214,0.048047643,0.024422374,0.0035908993,0.017699385,0.00046913093,1e-06,0.004081725,0.0042379824,0.0041959714
f2f7628b-b057-f189-610b-6ca80c81caf0,0.43992856,0.4363778,0.27165097,0.018964194,0.033879038,0.0019209835,0.118082136,0.06961609,0.03842514,0.00311552,0.04958438,0.048242386,0.011303202,1e-06,0.079097435,0.0053320713,0.060082808,0.017714903,1e-06,0.02985107,0.006189916,0.004494032,0.0048151705,1e-06,0.015223159,0.027099395,0.0022316608,0.011280853,0.0076186135,1e-06,0.018843573,1e-06,0.023187751,0.0015614742,0.017567392,0.0029972235,0.008134895,0.013190323,0.013303654,0.00234247
f32959a9-d0ee-65ee-6d27-e85f29ab0e6f,1e-06,0.20324568,0.19549377,0.095521,0.1305212,0.0718736,1e-06,0.08208022,0.091133244,0.3474889,0.06241665,0.05193362,0.0039347266,0.04433664,0.044266,0.014244738,0.075029686,0.0031922143,0.042204846,0.030537019,0.021100296,0.01641989,0.01603167,0.01697848,1e-06,0.027206955,0.0016962463,0.6333986,0.009690683,0.019442765,1e-06,1e-06,0.021772327,0.013851821,0.017669441,0.0041696564,0.0035615424,0.01058182,0.010530693,0.0017322825
f3389ada-eec9-cc7a-00be-f66699079720,0.49612463,1e-06,0.24312276,0.024339799,0.22472502,0.004996491,0.016291028,0.061811686,0.069875136,0.006650018,0.059008215,0.055594843,0.000647531,0.008947285,0.12144765,0.045536958,0.061068926,0.0013200571,0.02352153,0.03058656,0.0013007896,0.0012118021,0.0010039561,0.0042093294,0.116240725,0.033178788,0.0044156853,0.0044192662,0.006301689,0.011222895,0.023503205,1e-06,0.029853065,0.005808995,0.017661607,0.00033481626,0.0068285097,0.0638622,0.06424787,0.0051272577
f3617c50-9ce4-956f-16a3-42c26ce26f13,1e-06,0.19218561,0.20661606,0.0038910955,0.0082569,0.005568801,0.026207231,0.07818992,0.015196962,0.0030255655,0.074399516,0.032868706,0.0024372237,0.045589108,0.0077983337,0.0017988201,0.023707554,0.0017509324,0.0390386,0.030148838,0.017445084,0.013190262,0.012301386,0.010802709,0.0041753096,0.02360292,0.0074485573,0.0025407488,0.012262228,0.026702946,0.016067667,1e-06,0.024642121,0.0035161267,0.017684141,0.0013419788,0.0016460199,0.0053232564,0.005302511,0.005099933
f38a057e-cf4e-1ec0-76e6-ab3389a2d81e,0.39060438,0.34126866,0.23662478,0.024626838,0.025894752,0.005238779,0.008377187,0.06359963,0.01396107,0.0066044377,1e-06,0.030853933,0.0013558234,0.053159468,0.014972934,0.0053666304,0.02137189,0.0013185453,0.022337262,0.030151922,0.004389341,0.002857892,0.0026299444,0.0154566,0.014794878,0.025964476,0.03368505,0.0055866875,0.039445236,0.034859914,0.018769842,1e-06,0.020751799,0.007233469,0.017654924,0.00044517062,1e-06,0.008712161,0.008599638,0.01229956
f419a88e-78f2-402c-0838-897f5d243056,1e-06,0.3617359,0.21393082,0.0018931525,0.032712653,0.0026351751,0.032413967,0.05998045,0.023848118,0.002220633,0.061731227,0.029561516,0.0007336849,1e-06,0.008687235,0.00236832,0.033880264,0.0003808351,0.023767527,0.029913714,0.0017871443,0.0015550979,0.0012271237,0.020662788,0.0061958027,0.023964489,0.0108836265,0.016639048,0.009752056,1e-06,1e-06,0.01135716,0.021385105,0.010805594,0.017642686,0.0012128679,0.005491907,0.006073416,0.0059403135,0.0028731031
f44d07af-428a-5392-17b0-1ed193345169,1e-06,1e-06,0.23955457,0.10714901,0.023407485,0.006350327,0.16285452,0.06381017,0.045538515,0.0043869875,0.06345561,0.022076253,0.0051644263,0.060016174,0.014913968,0.0033873029,0.030323641,0.0023182104,0.028108107,0.030379059,0.0154270325,0.016113611,0.011084147,0.009333951,0.007545927,0.024290033,0.0077522183,0.042734675,0.021130756,1e-06,0.013188283,1e-06,0.020199547,0.0018337596,0.017576374,0.0053256815,0.0075833825,0.009311943,0.009487652,0.0028521607
f483b8e2-34c3-0de3-7bfa-ea51fcc3ba66,1e-06,1e-06,0.18200214,0.037239876,1e-06,1e-06,0.010765054,0.05791075,1e-06,0.017095922,0.05002524,0.08351992,0.0009020967,0.0061177462,0.15608764,0.08699764,1e-06,0.0014162066,0.03684502,0.030771894,0.0032280665,0.002140249,0.0020228971,0.006226474,0.35004786,0.029949434,0.0009215098,0.0026030182,0.004100961,0.008194781,0.016204903,1e-06,0.027112877,0.012923861,0.017599525,0.00013710099,0.0065991553,1e-06,1e-06,0.0014991249
f4b133b5-659b-188d-fdb8-b74de21dfe28,1e-06,1e-06,1e-06,0.010626247,0.018686108,0.0047690067,0.0036646144,0.049933232,0.020870432,0.0035021105,0.06326509,0.03564609,0.001208632,0.08208121,0.007001604,0.0015129893,0.019133074,0.0012376723,0.033833716,0.029619876,0.0027398895,0.0022599294,0.0014731381,0.012217756,0.003921054,0.02281385,0.018557942,0.0012053683,0.0062691714,0.04957,0.012324863,1e-06,0.023565607,0.004235401,0.017731896,0.00029839153,0.0026037807,0.0040618116,0.004031508,0.009566074
f4bbe318-65e4-c40d-4c5c-89297bca02fe,1e-06,1e-06,0.22066617,0.049412917,0.08869311,0.07984359,0.29226884,0.05840389,0.07426758,0.12426772,0.05656629,0.022421084,0.06431086,1e-06,0.02315396,0.0033863548,0.04359751,0.044880472,0.023390004,0.029497124,0.014048054,0.012939853,0.010589816,0.008947362,0.015858864,0.034833435,0.002477419,0.10534164,0.004161173,1e-06,0.014949184,0.003468096,0.020345364,0.0028031347,0.017491508,0.032016598,0.0063911453,0.008347687,0.008454936,0.0014748961
f4f8f0ea-7071-f114-fea9-7f05402941d6,1e-06,0.2440465,0.23216392,0.013466157,0.11325967,0.024013115,0.004002972,0.05429221,0.14922251,0.0044419006,0.06000646,0.14286985,1e-06,0.00616453,1e-06,0.2161262,0.06747954,1e-06,0.03947136,0.030122997,0.0051405756,0.0037098955,0.0034969447,0.0028504448,0.044021145,0.028938422,0.0017609923,0.0008518581,0.004867473,0.011801887,0.02153788,0.004589556,0.027464937,0.0059050396,0.017533077,0.00052997755,0.0015908662,0.0195169,0.01889555,0.002000989
f55388a3-163f-a2b9-37f6-3fc0642dfa4b,0.24526924,1e-06,0.2806629,0.017752485,0.02736943,1e-06,0.017465245,0.055088427,1e-06,0.41394764,0.05181161,0.037911803,0.0984958,1e-06,1e-06,0.044982232,0.033796947,0.21005554,0.018321529,0.028253475,0.06815074,0.045034803,0.04336596,0.01003621,1e-06,0.02633845,0.00095958746,0.0031965591,0.004453366,1e-06,0.03347772,0.00084670365,0.031089595,0.0060504233,0.017582012,0.009903424,1e-06,0.008181579,0.007895631,0.0006592163
f5638068-ae78-3262-e5be-b9fed86abeee,0.32908845,0.2447185,0.23954126,0.41533497,0.06973361,0.006831347,0.035281394,0.04469012,0.039840244,0.5716372,0.066253655,0.10697128,0.002109182,0.023630809,0.2111872,0.029952077,0.042134415,0.0026346387,0.022641355,0.031403154,0.013940873,0.013860333,0.010822003,1e-06,1e-06,0.021112073,0.002421568,0.018600974,0.0039942544,0.0071763,0.029771877,1e-06,1e-06,0.0056371246,0.017650766,0.0007217441,0.004814407,1e-06,1e-06,0.0028993646
f5a00d2e-ed46-d366-6b3e-03ed2e5c19af,0.65326333,1e-06,0.23182756,0.0073703877,0.06757282,0.008267397,0.26660457,0.057854354,0.07008562,0.0034773245,0.0639697,0.08078532,0.004459815,1e-06,0.049715787,0.018967524,0.08764248,0.0021938945,0.024587166,0.029545803,0.0033528558,0.0027598494,0.0020732998,0.01373232,0.030288719,0.029831609,0.0018060714,0.019754134,0.0077560106,1e-06,0.02448964,1e-06,0.033850696,0.017375795,0.017609451,0.003981851,0.0069003827,0.023690445,0.023756731,0.0023924161
f5bb4140-7299-588e-fa1e-dca5ada3fa3d,1e-06,0.15844382,0.19083996,0.005315199,0.015957773,0.005198052,0.010318145,0.06120492,0.024056919,0.0018583585,0.053836066,0.026452672,0.002145902,0.07580102,0.007019118,0.004158937,0.020674761,0.001202816,0.02495352,0.030719206,0.0025240872,0.0017635411,0.0016735857,0.0065338,0.0047095604,0.022109184,0.011464671,0.0020906327,0.005634415,0.066777974,0.014832504,0.20642968,0.022481462,0.014687153,0.017711041,0.0032063015,0.0011066963,0.014301484,0.014195301,0.0040575583
f5eca54e-cb4d-ba01-91d1-3b38092b4851,1e-06,0.22465378,0.21402705,0.0047349697,0.02295319,0.0038547996,0.046917725,0.054477856,0.032364827,0.0026866868,0.06312412,0.02209415,0.004969733,1e-06,0.018494142,0.00359245,0.02690425,0.002452489,0.030723441,0.029661838,0.0037275306,0.002028997,0.0019862694,0.017514931,0.008396829,0.023316216,0.002780717,0.007157234,0.0031438102,1e-06,0.019053305,0.0032107732,0.024626074,0.0027861597,0.017592013,0.005639191,0.0033764886,0.013568607,0.013690248,0.0013217992
f61bc2ed-ebf3-2c5a-d145-d6452b2202a4,1e-06,1e-06,0.20836852,0.66780686,1e-06,0.062191274,0.1411962,0.07552363,0.07668873,0.011177889,0.048673384,0.045903224,1e-06,1e-06,0.06072777,0.010155051,0.056610987,1e-06,0.0247507,0.029043144,0.1913413,0.111556485,0.11568477,0.005909654,0.057006683,0.036425516,0.0007556381,0.026865823,0.0061942427,1e-06,0.014625465,1e-06,0.023769757,0.0036523442,0.017528314,0.00506043,0.0047444184,1e-06,1e-06,0.0011878863
f627b6ec-e04f-d85b-a4d7-638996da1b4d,0.4325193,0.30659398,0.21717453,0.0906569,0.12971018,0.002223925,0.018275844,0.043593276,0.03879477,0.007029757,0.04515478,0.018011445,0.0016855687,0.08643852,0.011909849,0.004166744,0.02632402,0.0013805167,0.02474671,0.030947443,0.015853388,0.017663244,0.011879785,0.01695628,0.009383557,0.023259174,1e-06,0.005776915,0.01201538,0.043045394,0.013348912,1e-06,0.017634315,0.0047915825,0.017604029,0.0020723292,0.012772486,0.0058832252,0.0055687833,0.05583034
f704507b-6f1a-2cd8-0e23-9ddacfa52339,0.3901157,0.17036682,0.17611872,0.08220889,0.12250851,1e-06,0.10123506,0.07477491,0.029456228,0.0063084094,0.06222716,0.031438123,0.019035976,0.06121061,0.033272587,0.00831784,0.022116203,0.013000193,0.024499765,0.031080935,0.20385394,0.1527986,0.15749986,0.003528904,0.018481746,0.023091769,0.0029063863,0.0320696,0.019147992,0.04683734,0.019752676,0.0067414315,0.02810098,0.024070175,0.017915368,0.0038649219,0.007607986,0.022134284,0.021873584,0.002179679
f70fa136-6022-ee06-b88d-548bbee66089,0.35517806,1e-06,0.23179314,0.56396717,0.23402552,0.018387908,0.09555591,0.051854387,0.075289585,0.0061081382,0.05722616,0.047275193,0.0045574205,1e-06,0.1457889,0.019389411,0.03909381,0.0048015025,0.029258294,0.029658062,0.007602048,0.00954184,0.007477423,0.008668841,0.12803054,0.029230522,0.002958727,0.042521562,0.00666078,1e-06,0.017203525,1e-06,0.023527995,0.0056797746,0.017614115,0.004011106,0.008268771,0.02160504,0.021903394,0.0039761094
f711c5b9-f7f9-a4ad-dfdc-5b04c5bfee4d,1e-06,1e-06,0.21454407,0.0065416843,0.019234508,0.0003626193,0.0040341574,0.049392886,0.00716388,0.005104046,0.055305414,0.01578349,0.00025187316,0.23995622,0.0043461476,0.001778754,0.010378398,0.00032222524,0.045498002,0.031492505,0.0007018752,0.00047340285,0.0003675028,0.0071196686,0.008606354,0.019711267,1e-06,0.00034090434,0.013886033,0.03330854,0.01060781,0.06333637,0.019579787,0.0141914245,0.017713666,9.966543e-05,0.008619544,0.0037876978,0.003568667,1e-06
f759a2bf-5334-cadc-7f9a-b4c725b40316,0.22741763,0.10568837,0.22140749,0.6680409,0.18403973,0.41060135,1e-06,1e-06,0.058728248,0.006284761,0.053842146,1e-06,0.009739867,0.060697716,0.10303856,0.006747786,0.059490293,0.0060500368,1e-06,0.031436093,0.020962937,0.013633364,0.012546513,0.003627292,0.07814982,0.03079718,0.0010186515,0.14674717,0.00634814,0.016803501,0.014508267,1e-06,0.02623901,0.0065349136,0.017524764,0.004237365,0.0017062391,0.02567726,0.026249116,0.0010384321
f75f3740-09ad-00aa-ac43-806c2e8eba27,0.29510218,0.15249036,1e-06,0.031404857,1e-06,0.82661676,0.009139603,1e-06,1e-06,0.0052684103,0.05440142,1e-06,0.003697994,0.007030838,1e-06,1e-06,1e-06,0.005723294,0.038462795,0.029774116,0.0017694719,0.0011759718,0.001044679,0.0072678165,0.047084186,0.033902265,0.0008558112,0.004423545,0.0040013078,0.010407354,0.020076742,1e-06,0.031594377,0.007907519,0.017510029,0.00064722786,0.0017865066,1e-06,1e-06,0.0012286722
f769dbb8-9930-9efc-f80b-025d3a25192c,0.56093454,1e-06,1e-06,0.19698703,1e-06,0.01114022,0.011163228,0.05549593,0.109144576,0.021275584,0.049781732,0.04565859,0.0013269393,0.009411785,0.21935913,0.06740188,1e-06,0.0024510701,0.031323854,0.029401137,0.0075788344,0.008633062,0.0069436524,0.0033636072,0.15651818,0.034615647,0.0016021571,0.0073076338,0.008895113,0.006891911,0.02767023,1e-06,0.027797487,0.006472223,0.017590947,0.00064888067,0.005085414,0.024872078,0.024667483,0.0025747328
f7d0d961-c6ef-b3c5-4383-c4ca2d5579f6,0.6045303,1e-06,1e-06,0.055393882,0.12049957,0.010811948,0.26912796,0.045223806,0.05123881,0.0057923584,0.05473603,0.07395218,0.04037658,1e-06,0.038834527,0.004524688,0.050465964,0.03244755,0.023508077,0.030617826,1e-06,1e-06,1e-06,0.015280387,0.01892204,0.030795617,0.0031917025,0.09655326,0.014349718,0.021820677,0.011537828,0.010888416,0.02327884,0.010242641,0.017621692,0.004473299,0.0032794804,0.012333888,0.012038601,0.0031535227
f8674b72-826d-9fb5-fd7a-9af4e74b0da2,0.46659705,0.30381814,0.22048554,0.003251293,0.03783996,0.00096365984,0.15224981,0.07574337,0.04590596,0.0051408913,0.050081864,0.045143574,0.00095629203,0.0145503115,0.07277696,0.0117506515,0.05470624,0.0008478427,0.026918154,0.030672595,0.0009739918,0.0006607389,0.000585489,0.009533332,0.03486921,0.023816619,0.007952174,0.008938245,0.003946222,1e-06,0.024409609,0.0033484187,0.027396986,0.007265129,0.01760215,0.00075767783,0.015223089,0.006740512,0.006850361,0.0029806504
f87361ef-6d55-11be-9354-c79b1c886e84,0.37081578,0.26801923,0.21808772,0.35970312,0.2024889,0.045261934,0.10905315,0.04527059,0.04224033,0.01217689,0.051812,0.05331459,0.006781938,0.044399522,0.14811607,0.02700205,0.07092746,0.0050806366,0.023981279,0.029423192,0.037511356,0.034383766,0.031916156,0.008098007,0.072570205,0.024086844,0.0024410791,0.057849027,0.004270594,0.020433124,0.026704215,1e-06,0.024788804,0.005331639,0.017536739,0.0069185016,0.0017915512,0.050360657,0.050326996,0.0020508135
f88b0f4f-c850-4799-8bc7-f1cc42e22c65,0.50020826,1e-06,0.21246848,0.0150932055,0.01995194,0.0050987396,0.018104406,0.059154756,0.024963664,0.0039448882,0.06779361,0.020770613,0.0019227793,1e-06,0.0070185615,0.0028535747,0.031518634,0.0020920988,0.03691547,0.030898083,0.0032897235,0.0030647954,0.00224143,0.03449941,0.0073412224,0.026350211,0.019491903,0.0064834473,0.011003447,1e-06,0.01261779,1e-06,0.020896155,0.005273304,0.01773092,0.001450167,0.01825626,0.010329206,0.010115349,0.011849699
f8ae0495-33f7-e050-76c3-d34674f16f12,0.26672703,0.3029404,1e-06,0.0048627113,0.029473534,0.0015084847,0.023315923,0.070280015,0.03413624,0.0015028345,0.06352944,0.023916919,0.0019518463,0.054477807,0.008420688,0.00593011,0.024550006,0.0011333658,0.035674635,0.03091354,0.002139176,0.0013574087,0.0013812121,0.0151112145,0.009954314,0.021658938,0.0037362794,0.00466911,0.007874292,0.027367357,0.013904092,1e-06,0.020479009,0.0031817788,0.017691502,0.0012805432,0.0028699287,0.013797936,0.013962878,0.0030988706
f8cd3a63-48b1-8226-a016-745c829fe1f7,0.51332027,0.12575278,0.20935722,0.0034714548,0.14857885,0.0809909,1e-06,0.06810713,1e-06,0.004201184,0.07170391,0.054110534,1e-06,1e-06,0.04829018,0.014567095,0.09050982,1e-06,0.022981273,0.03008525,0.0014063148,0.0011814205,0.0009789442,0.0052678464,0.038259808,0.03145095,0.0012052949,1e-06,0.015175382,1e-06,0.016813569,0.0019499842,0.02510026,0.010060045,0.017589504,0.0017632977,0.006520794,0.124266684,0.12505126,0.0010688158
f8d24486-3c62-aede-a4a7-8b9e01e34d87,0.4748948,1e-06,0.2527839,0.0062053613,0.024834163,0.0019227284,0.011386057,0.05472088,0.014496792,0.0032357604,0.0639748,0.05037566,0.0008601064,0.21782821,0.01479771,0.005307177,0.01747126,0.00083091314,0.031302962,0.0315257,0.0039688074,0.0036235356,0.0033016126,0.01752744,0.01007371,0.026027007,0.35214326,0.0035411548,0.03525131,0.117425725,0.016414318,0.11616375,0.022232708,0.003918107,0.017562775,0.00049984636,0.00550212,0.007907683,0.007898782,0.1538555
f91ec2d7-f960-de83-52dd-b2adc1d3a3ce,1e-06,0.28806454,0.20753835,0.002931134,0.05149902,0.056655392,0.016281525,0.04933093,1e-06,0.002869803,0.05084345,0.059564743,1e-06,0.0024387492,0.12103278,0.02456958,0.040649913,1e-06,0.01995673,0.029025102,0.05905907,0.06744034,0.06229696,0.0040178616,0.026576404,0.023425547,0.00025421378,0.0029803605,0.006422711,1e-06,0.031326577,1e-06,0.034955576,0.004272401,0.017477574,0.002454955,0.0031930888,0.012044629,0.011644409,0.00038358552
f9378d08-9d50-a556-fd6a-03f52195ab76,1e-06,1e-06,0.24391364,0.19700141,1e-06,0.0018257396,0.0332004,0.056134824,0.09980058,0.52678496,0.049874656,0.0823861,0.0018445415,0.0043550404,1e-06,0.46172178,0.061714377,0.0031911987,0.026812624,0.02948332,0.0024853647,0.0023513515,0.0015089504,0.005889276,1e-06,0.035370965,0.0011081387,0.010120984,0.0056361244,0.00546246,0.021453606,1e-06,0.026355464,0.006023973,0.017487928,0.00070406636,0.023809563,1e-06,1e-06,0.001953953
f950de3b-9a78-f4fa-cc65-4170378d09bc,1e-06,0.25221524,0.24829243,0.006853668,0.11061452,0.00092802825,0.00572104,0.05430807,0.03620053,0.4453865,0.058350403,0.050308865,0.0003162827,0.0037459503,0.058733173,0.011878009,1e-06,0.0004340372,0.033909313,0.029892629,0.00038363732,0.00024908787,0.00023709901,0.004858157,1e-06,0.034165997,0.0019614666,0.0015735368,0.0045792405,0.005774412,0.028220395,1e-06,0.022785084,0.0071461815,0.017490705,0.00012314416,0.0053354106,0.015212881,0.015404221,0.0027355666
f97a5a79-dbea-c62f-7ecf-3b81e44af1dc,1e-06,1e-06,0.20919727,0.058941185,0.081715226,0.056735348,0.023290476,1e-06,0.12739931,0.00538891,0.059979904,0.031804986,0.6263629,1e-06,0.025832979,0.007422594,0.0492064,0.13656123,0.024882808,0.029010676,0.17143396,0.1672225,0.18028599,0.033046912,0.029185215,0.030734252,0.0010827944,0.017339911,0.007909933,1e-06,0.024244975,1e-06,0.026963506,0.019234605,0.01761112,0.497788,0.010623769,0.023855573,0.023237063,0.0018990473
f994d017-6604-6f8c-57a3-df431311029b,0.45572022,0.25284436,0.19704452,0.0022394517,0.015367607,0.0046799504,0.017854646,0.07253061,0.028966038,0.0012315712,0.05794067,0.031092742,0.0018976718,0.062359985,0.012666723,0.003295427,0.022348128,0.00090412225,0.026836501,0.031069204,0.0015781515,0.0013823574,0.0011227634,0.004539033,0.007182033,0.023600189,0.0022747987,0.0051791156,0.007969897,0.042145267,0.015197032,1e-06,0.028137244,0.009187798,0.017825844,0.0018762177,0.003780819,0.008727596,0.008659398,0.0018026031
f9aa5e91-8248-496d-4ab3-40bf413a97cd,0.36610028,0.25558493,1e-06,0.006344327,1e-06,0.0025898716,0.0774145,0.06550726,0.05754244,0.0053588822,0.045365945,0.06864909,0.0017709517,1e-06,0.04805135,0.02338884,0.057871975,0.0010595585,0.024744,0.029645417,0.003642249,0.0031565968,0.002796196,0.0033692967,0.011885591,0.029492103,0.0026282975,0.0063840915,0.0085120555,1e-06,0.018981697,0.002282673,0.021755066,0.011094215,0.017621767,0.0016667623,0.006078067,0.009511229,0.009580249,0.001307331
fafea16f-0a90-e39f-3d4d-6a8488a19470,0.6170146,0.17064986,0.21386227,0.011649127,0.02182692,0.001328112,0.028415896,0.069440104,0.012150595,0.0017872765,0.07449941,0.040623732,0.0005356843,1e-06,0.005648253,0.0020586448,0.01631377,0.0005317521,0.018177848,0.030440118,0.0013189318,0.0011993066,0.0009463033,0.010965569,0.010076734,0.019489141,0.045724344,0.0038351072,0.024377594,1e-06,0.014172755,1e-06,0.02259984,0.0030217192,0.017654419,0.00042345197,0.0050652274,0.010383392,0.010376481,0.013219654
fb3e2b2a-cd27-ba7e-f6fb-d43b06ead6ce,1e-06,0.49050257,1e-06,0.0057556275,0.03458854,0.0010764105,0.0067864247,1e-06,0.02518475,0.0017512306,0.048602372,0.027087707,0.00037759086,0.030724421,0.0070860437,0.0010389915,0.02262933,0.00045750104,0.034500793,0.02946325,0.001003806,0.0007416474,0.0007517149,0.0080044335,0.0077526397,0.020524332,1e-06,0.000789464,0.008907426,1e-06,0.010526812,0.011990076,0.020600973,0.0035471418,0.017552663,0.00027772773,0.0046177707,0.0049056206,0.004980273,0.03524328
fb6b9524-d4c6-9969-68bc-35f0246339d1,0.41254774,0.22849263,0.22122094,0.13049106,0.15192951,0.0031202657,0.008929641,0.04034776,0.024384875,0.005608018,0.04668076,0.016379869,0.001639153,0.28677848,0.0058886223,0.0014874503,0.009987152,0.0015745295,0.03901665,1e-06,0.0037367162,0.0032447125,0.0025895801,0.011209835,0.006820187,0.01998973,1e-06,0.0035679862,0.014934446,0.11399206,0.015199674,0.039414942,0.015485086,0.0045214123,0.017627424,0.0009901514,0.0046149422,0.0030743366,0.002960537,0.08251154
fbb52aca-db28-d68a-1216-b59790d0231f,0.4318408,0.18915857,0.2520286,0.09636269,0.136022,0.016316583,0.111256994,0.06084011,0.09728094,0.51377034,0.06282138,0.044867754,0.0022492558,1e-06,0.15145223,0.02652201,0.033543646,0.0032452843,0.021929769,0.030525861,0.0023722819,0.0022060298,0.0022911348,0.018001052,1e-06,0.033554085,0.0012472558,0.02660669,0.0069571766,1e-06,0.025434531,1e-06,0.026591208,0.008477517,0.01756496,0.00065548654,0.014858399,1e-06,1e-06,0.0021563703
fbfa5cf5-f710-3a1e-c960-9143bb3ce652,1e-06,0.3068968,0.24676149,0.019791208,0.04201615,0.001215459,0.017237188,0.050378777,0.023162825,0.0026722632,0.044949528,0.037198275,0.000850168,0.1470224,0.010589224,0.003500009,0.017177133,0.0012327743,0.043644816,0.0334187,0.0041609355,0.0025194234,0.0021896756,1e-06,0.01020785,0.026183715,1e-06,0.0028338842,0.011543194,0.07665711,0.01490687,1e-06,0.020154845,0.004067533,0.017699197,0.0003198904,0.006421771,0.0074219606,0.00741223,1e-06
fc70cd8d-174c-3289-390a-77f517025fea,0.32471347,0.18626529,0.25903857,0.007850941,0.10248018,0.00448258,0.0076639527,0.074583225,0.09654553,0.0060542594,0.054959852,0.036280043,0.00033316383,1e-06,0.045360286,0.013433736,0.04931232,0.00037547603,0.027269961,0.029936759,0.0007724333,0.00061352714,0.00043961438,0.007258691,0.09772552,0.030171707,0.0039668,0.0019469645,0.0067389,1e-06,0.027882142,0.0021595103,1e-06,0.009265903,0.017605187,0.00019581025,0.0034254747,0.018048389,0.017923746,0.0035381163
fd0bfbe0-7e65-e394-4467-bc194211b423,1e-06,1e-06,0.23114634,0.34688783,0.10881892,0.13449207,0.28838328,0.04627912,0.10403634,0.0028202687,0.059320245,0.03412636,0.038983647,0.11877358,0.02229433,0.006909548,0.038040824,0.030453922,0.030117324,0.030536912,0.051379833,0.04406889,0.0411594,0.0036106484,0.009743044,0.027675996,0.0018008383,0.039604608,0.00706082,0.054465562,0.015291116,1e-06,0.025580501,0.0028626688,0.017590206,0.016375113,0.0023191287,0.020906983,0.02088266,0.0022144308
fd444a74-83ad-9a6b-fa23-bdc6e2803a8c,0.4505071,0.25660613,0.21654832,0.0012764778,0.014074211,0.001845332,0.002750034,0.06313301,0.029199576,0.002408616,0.0564789,0.028098019,0.0005633756,0.02897262,0.008591032,0.0026013986,0.013945786,0.00040492584,0.02199949,0.030491503,0.00063310226,0.00051604613,0.00039992176,0.011036672,0.0061308113,0.022243299,0.026207844,0.00068479276,0.008540279,0.050984267,0.018058177,0.01995073,0.021609697,0.012016944,0.017624252,0.00040827363,0.0010532647,0.0047586905,0.0047081476,0.006101803
fd605c9e-acc4-a1d9-43d2-956b5195b697,0.4722286,1e-06,0.28497338,0.013905438,0.17065144,0.0073762974,0.0057010297,0.06122075,0.06529094,0.007422434,0.051638197,0.11573005,0.00045820195,0.004703826,1e-06,1e-06,0.04098916,0.000605545,0.021618681,0.030513931,0.0007613392,0.0006748911,0.0005792208,0.0048654964,0.07181317,0.029984977,0.0023163946,0.0021459248,0.008129829,0.005262431,0.024756907,1e-06,0.02935295,0.0043175058,0.017562015,0.00021137689,0.0030871872,0.044644944,0.04429987,0.002634225
fd61b6af-c16b-e421-62b1-50f64f308171,0.330711,1e-06,0.21482503,0.4986105,0.07086294,0.048391066,0.11422021,0.044961736,0.060613655,0.009729899,0.057080116,0.043863427,0.07841524,0.091693394,0.024609657,0.0075180926,0.02345774,0.07943227,0.0261199,0.030638207,0.061986294,0.05171103,0.058612064,0.020837156,0.019893683,0.025862921,0.003263241,0.017171144,0.008047229,0.030107895,0.014480865,1e-06,0.024415301,0.004772465,0.017616078,0.011222118,0.0026670496,0.015179749,0.015242496,0.004852304
fd83348f-f088-3a44-b8cc-faa955eca3a1,1e-06,0.30306053,0.28294125,0.0058906632,0.22412333,0.0014127778,0.005507274,0.039239854,0.121062696,0.00755881,0.06887492,0.044189334,0.00075566757,1e-06,0.07330946,0.021178938,0.0748478,0.0015357549,0.025978472,0.030111473,0.0007039866,0.00057368184,0.00042641014,0.016743667,1e-06,0.030494727,0.0016368547,0.0013385752,0.0071227434,0.0030052487,0.012982556,1e-06,0.022890283,0.006700758,0.017561058,0.00075834244,0.002641883,1e-06,1e-06,0.0016804854
fdd00483-29d6-79af-20dd-27d1e9dae804,0.5072217,0.1629032,0.2470497,0.21368816,0.102930345,0.07967753,1e-06,0.0495965,0.14261493,0.013258269,0.043916218,0.046481695,1e-06,0.030779984,0.086229555,0.0070194993,0.03255551,1e-06,1e-06,0.028720608,0.1636685,0.1187549,0.12447455,0.009292003,0.017520828,0.02514753,0.00072221825,0.09288349,0.011205551,0.014493364,0.021555625,1e-06,0.027064394,0.004902434,1e-06,0.033299755,0.003102713,0.017108995,0.016760323,0.0009668923
fe056a48-5cd5-62d4-4320-b33ec62b9fdf,1e-06,0.15176722,0.25140774,0.07799718,0.2718613,0.01927694,0.06335482,0.056632373,0.09625955,0.21804228,0.07677535,0.03593721,0.002222966,0.018738817,0.06500275,0.00872454,0.030100688,0.0040103435,0.031026237,0.029936617,0.0051061865,0.0053276503,0.004547536,0.0076126885,0.019400788,0.02978102,0.005088197,0.023322402,0.0060071056,0.012890981,0.021273851,0.0018391905,0.02441563,0.0048124283,0.017629568,0.002155282,0.0033832062,0.014913539,0.015147413,0.004806847
fe47f88d-4c6a-308e-46bb-ffe899aba1c8,0.47812405,0.15614031,0.22980292,1e-06,0.052254077,0.0142268,0.042111944,0.07092282,0.09958139,0.004546273,0.08781656,0.020273482,1e-06,1e-06,0.05153327,0.002300705,0.040602237,1e-06,0.015963746,0.029223485,0.007659458,0.005703917,0.005415718,0.0064262087,0.04018268,0.025474444,0.00053550134,0.0014845764,0.006222699,1e-06,0.017684013,1e-06,0.02885101,0.0020971496,0.017476488,0.00028677337,0.004231493,0.006887901,0.0066156974,0.0007116933
fe61d66b-7cdc-9549-0bd2-3dc20becebd0,1e-06,1e-06,1e-06,0.024288893,0.09082928,0.34794053,0.13719444,0.057825737,1e-06,0.008602091,0.069403745,0.04465553,0.8927201,1e-06,0.032842617,0.00681979,0.050294753,0.8281494,0.021078479,0.029695291,0.16475901,0.13884158,0.15017143,0.01086692,0.022429856,0.028529413,0.0010433233,0.02737624,0.0066397167,1e-06,0.025094077,0.0020582813,0.026619619,0.010503321,0.01766554,0.23172261,0.008616546,0.014227201,0.01420928,0.0017174194
feece4e4-efdf-a47e-9722-a475783c3075,0.43494624,0.11627324,0.20000236,0.003336786,0.03073376,0.0016237345,1e-06,0.06564482,0.025113104,0.003314043,0.059682313,0.06586217,0.0018607646,1e-06,1e-06,0.20749213,0.036420394,0.0017794318,0.028877666,0.030154,0.0010619415,0.00067581463,0.0005655596,0.0065378365,0.016217414,0.025170559,0.0049413177,0.02045108,0.0039199814,1e-06,0.020196525,0.0040280693,0.027195489,0.010505505,0.017661175,0.0023174062,0.007668269,0.008486863,0.008400156,0.003494039
ff02f656-69fd-efe9-0402-8daa260e54a7,1e-06,0.41133493,0.18727294,0.15689942,0.10683745,0.015490876,0.11502276,0.054603923,0.08699701,0.50594217,0.06671778,0.06240896,0.0032573817,0.023304263,0.047885418,0.008902159,0.031767745,0.003363947,0.024098124,0.029262776,0.008683438,0.00800796,0.008056887,0.0053039477,1e-06,0.027853806,0.0016961116,0.04762171,0.008635291,0.008456367,0.022105565,0.0041943844,0.027586443,0.0070016338,0.017597537,0.0015214821,0.009594774,1e-06,1e-06,0.0023562603
ff333bea-cb71-d89e-b120-0339e29bf9fe,0.44286776,1e-06,0.23081887,0.0011581157,0.008685787,0.0012401481,0.002816902,0.052654076,0.018067678,0.0017637213,0.054608077,0.029566713,0.00042504806,0.05725284,0.00406567,0.0013907708,0.012802959,0.00047064372,0.018099323,0.03087966,0.0005706555,0.0004396241,0.00034909154,0.010483129,0.005071946,0.024676401,0.029144265,0.0005464074,0.016828282,0.0490696,0.011982248,0.032270893,0.022309871,0.0043397355,0.017631339,0.0004177502,0.0010925278,0.0036367553,0.0036380459,0.0058799
ffc367b1-8835-d1bd-ce83-eb45963f2e90,0.37409055,0.2736183,0.23030344,0.07395358,0.07406003,0.6190174,0.020041917,0.07761827,0.3335551,0.0026340403,0.08796923,0.07215227,0.007112356,0.05137337,0.014489662,0.008010571,0.01924935,0.0070011076,0.023697747,0.031542473,0.010803875,0.0083559435,0.0061383573,0.0046287603,0.009698515,0.026203688,0.010279835,0.007711354,0.022149902,0.050679095,0.019549709,0.031987622,0.022023007,0.022726834,0.01766412,0.0061553344,0.0014449849,0.013755374,0.013947329,0.0062528728
